
CREATE TABLE `background_image` (
  `city_name` varchar(10) DEFAULT NULL,
  `url` varchar(128) DEFAULT NULL
) ENGINE=InnoDB DEFAULT CHARSET=utf8mb4;

--
-- 转存表中的数据 `background_image`
--

INSERT INTO `background_image` (`city_name`, `url`) VALUES
('南京', 'https://vky-oss.inboyu.com/pc-banner/%E5%8D%97%E4%BA%AC/01-%E9%97%A8%E8%A5%BF.jpg'),
('南京', 'https://vky-oss.inboyu.com/pc-banner/南京/02-门西.jpg'),
('南京', 'https://vky-oss.inboyu.com/pc-banner/南京/03-门西.jpg'),
('南京', 'https://vky-oss.inboyu.com/pc-banner/南京/04-众彩.jpg'),
('北京', 'https://vky-oss.inboyu.com/pc-banner/北京/01-长阳店.jpg'),
('北京', 'https://vky-oss.inboyu.com/pc-banner/济南/01-经二纬七店.jpg'),
('北京', 'https://vky-oss.inboyu.com/pc-banner/北京/04-松劲店.jpg'),
('北京', 'https://vky-oss.inboyu.com/pc-banner/北京/02-提香店.jpg'),
('成都', 'https://static.inboyu.com/pc/web/images/default-banner.png?v=202008211515'),
('长春', 'https://vky-oss.inboyu.com/pc-banner/长春/02-胜利大街.jpg'),
('长春', 'https://vky-oss.inboyu.com/pc-banner/长春/01-硅谷大街店.jpg'),
('长春', 'https://vky-oss.inboyu.com/pc-banner/长春/03-珠海路.jpg'),
('长春', 'https://vky-oss.inboyu.com/pc-banner/长春/04-珠海路.jpg'),
('长沙', 'https://vky-oss.inboyu.com/pc-banner/长沙/01-白鹭郡.jpg'),
('长沙', 'https://vky-oss.inboyu.com/pc-banner/长沙/02-白鹭郡.jpg'),
(NULL, NULL),
('苏州', 'https://vky-oss.inboyu.com/pc-banner/%E8%8B%8F%E5%B7%9E/01.jpeg'),
('广州', 'https://vky-oss.inboyu.com/pc-banner/广州/01-五羊坉.jpg'),
('广州', 'https://vky-oss.inboyu.com/pc-banner/广州/04-智慧城.jpg'),
('广州', 'https://vky-oss.inboyu.com/pc-banner/广州/03-大石二店.jpg'),
('杭州', 'https://vky-oss.inboyu.com/pc-banner/杭州/banner2.jpg'),
('杭州', 'https://vky-oss.inboyu.com/pc-banner/杭州/banner1.jpg'),
('杭州', 'https://vky-oss.inboyu.com/pc-banner/杭州/banner3.jpg'),
('大连', 'http://vky-oss.inboyu.com/upload/39ed7a00-b1b3-8a6a-0c93-05cc6f6cf465.jpg'),
('大连', 'http://vky-oss.inboyu.com/upload/39ed79fe-770c-858c-75ec-412bc5a58572.jpg'),
('福州', 'https://vky-oss.inboyu.com/pc-banner/福州/01-金鸡山店.jpg'),
('福州', 'https://vky-oss.inboyu.com/pc-banner/福州/02-奥体店.jpg'),
('福州', 'https://vky-oss.inboyu.com/pc-banner/福州/03-省体店.jpg'),
('', ''),
('合肥', 'https://vky-oss.inboyu.com/pc-banner/合肥/01-合肥.jpg'),
('合肥', 'https://vky-oss.inboyu.com/pc-banner/合肥/02-合肥.jpg'),
('合肥', 'https://vky-oss.inboyu.com/pc-banner/合肥/03-合肥.jpg'),
('合肥', 'https://vky-oss.inboyu.com/pc-banner/合肥/04-合肥.jpg'),
('济南', 'https://vky-oss.inboyu.com/pc-banner/济南/01-经二纬七店.jpg'),
('济南', 'https://vky-oss.inboyu.com/pc-banner/济南/04-软件园店.jpg'),
('济南', 'https://vky-oss.inboyu.com/pc-banner/济南/03-望平街店.jpg'),
('济南', 'https://vky-oss.inboyu.com/pc-banner/济南/02-凤凰山路店.jpg'),
('青岛', 'https://vky-oss.inboyu.com/pc-banner/青岛/01-新都心店.jpg'),
('青岛', 'https://vky-oss.inboyu.com/pc-banner/青岛/02-新都心店.jpg'),
('青岛', 'https://vky-oss.inboyu.com/pc-banner/青岛/03-新都心店.jpg'),
('青岛', 'https://vky-oss.inboyu.com/pc-banner/青岛/04-新都心店.jpg'),
('天津', 'https://vky-oss.inboyu.com/pc-banner/天津/01-新科道.jpg'),
('天津', 'https://vky-oss.inboyu.com/pc-banner/天津/02-新科道.jpg'),
('天津', 'https://vky-oss.inboyu.com/pc-banner/天津/03-新科道.jpg'),
('天津', 'https://vky-oss.inboyu.com/pc-banner/天津/04-新科道.jpg'),
('无锡', 'http://vky-oss.inboyu.com/upload/39ea4d23-2b05-1af3-4ca0-bbaa991d8b1d.jpg'),
('无锡', 'http://vky-oss.inboyu.com/upload/39ea4d24-488d-2702-06bd-bc77a40dbf9d.jpg'),
('无锡', 'http://vky-oss.inboyu.com/upload/39ea4d20-9690-10f2-20b6-c10febd4efce.jpg'),
('无锡', 'http://vky-oss.inboyu.com/upload/39ea4d23-bdb8-a957-01a5-68004b02b4aa.jpg'),
('厦门', 'https://vky-oss.inboyu.com/pc-banner/厦门/01-莲前公寓.jpg'),
('厦门', 'https://vky-oss.inboyu.com/pc-banner/厦门/02-环岛山庄.jpg'),
('厦门', 'https://vky-oss.inboyu.com/pc-banner/厦门/03-莲前公寓.jpg'),
('厦门', 'https://vky-oss.inboyu.com/pc-banner/厦门/04-环岛山庄.jpg'),
('烟台', 'https://static.inboyu.com/pc/web/images/default-banner.png?v=202008211515'),
('珠海', 'https://static.inboyu.com/pc/web/images/default-banner.png?v=202008211515'),
('大连', 'http://vky-oss.inboyu.com/upload/39ed79fb-a369-f8cb-4952-4b930fb5f35d.jpg'),
('大连', 'http://vky-oss.inboyu.com/upload/39ed79fa-1910-1c5a-a313-f23854a297a5.jpg'),
('大连', 'http://vky-oss.inboyu.com/upload/39ed7a05-0ecd-82f1-93e4-27690188fcbc.jpg'),
('上海', 'https://vky-oss.inboyu.com/pc-banner/上海/01-安亭1.jpg'),
('上海', 'https://vky-oss.inboyu.com/pc-banner/上海/02-安亭2.jpg'),
('上海', 'https://vky-oss.inboyu.com/pc-banner/上海/03-南华.jpg'),
('上海', 'https://vky-oss.inboyu.com/pc-banner/上海/04-张江.jpg'),
('武汉', 'https://vky-oss.inboyu.com/pc-banner/武汉/1.jpg'),
('武汉', 'https://vky-oss.inboyu.com/pc-banner/武汉/2.jpg'),
('武汉', 'https://vky-oss.inboyu.com/pc-banner/武汉/3.jpg'),
('武汉', 'https://vky-oss.inboyu.com/pc-banner/武汉/4.jpg');

-- --------------------------------------------------------

--
-- 表的结构 `boyu_dd`
--

CREATE TABLE `boyu_dd` (
  `id` int(11) NOT NULL,
  `title` varchar(50) DEFAULT NULL,
  `title_img` varchar(100) DEFAULT NULL,
  `article` varchar(5000) DEFAULT NULL,
  `article_img` varchar(5000) DEFAULT NULL,
  `city_name` varchar(20) NOT NULL
) ENGINE=InnoDB DEFAULT CHARSET=utf8mb4;

--
-- 转存表中的数据 `boyu_dd`
--

INSERT INTO `boyu_dd` (`id`, `title`, `title_img`, `article`, `article_img`, `city_name`) VALUES
(1, '天坛店「荧光泊寓夜」为 你接风', 'http://vky-oss.inboyu.com/upload/39e9f643-2dee-1eaa-6ba6-19eddff1c86d.jpg', '<h2>天坛店「荧光泊寓夜」为 你接风</h2>\r\n    <p>天坛店「荧光泊寓夜」开业Party</p>\r\n    <p>于3月30日盛大举办！</p>\r\n    <p>一个春光灿烂的夜晚，</p>\r\n    <p>一场绚丽的Show，</p>\r\n    <p>让我们认识了更多新的小伙伴，</p>\r\n    <p>\r\n      <img\r\n        src="http://vky-oss.inboyu.com/upload/39e9f643-af67-59fa-b132-44f99a9cc60f.jpg"\r\n        alt=""\r\n      />\r\n    </p>\r\n    <p>戴上泊寓官方手环 穿上泊寓T恤</p>\r\n    <p>“确认过眼神 是泊寓的人”</p>\r\n    <p>\r\n      <img\r\n        src="http://vky-oss.inboyu.com/upload/39e9f643-ed06-534b-6eaf-99fe4b6d2d55.jpg"\r\n        alt=""\r\n      />\r\n    </p>\r\n    <p>颜值堪比当红鲜肉的Pa客们做活动前的准备~</p>\r\n    <p>\r\n      <img\r\n        src="http://vky-oss.inboyu.com/upload/39e9f644-6b67-e809-bb90-cf55e9637d97.jpg"\r\n        alt=""\r\n      />\r\n    </p>\r\n    <p>幻的Party布置，强烈的科幻未来风！</p>\r\n    <p>\r\n      <img\r\n        src="http://vky-oss.inboyu.com/upload/39e9f644-bb48-cbb7-964e-936ed810fcc9.jpg"\r\n        alt=""\r\n      />\r\n    </p>\r\n    <p>美味高颜值的零食饮料不限量，吃过瘾！！</p>\r\n    <p>\r\n      <img\r\n        src="http://vky-oss.inboyu.com/upload/39e9f644-fc7d-e480-5d05-c50049f00aba.jpg"\r\n        alt=""\r\n      />\r\n    </p>\r\n    <p>艺术家之角，复古的电视机烘托出艺术氛围</p>\r\n    <p>《电视机—乐园》 艺术家刘力宁</p>\r\n    <p>这场盛大的开业Party</p>\r\n    <p>让第一批Pa客朋友感到回家的亲切</p>\r\n    <p>也让大家消除陌生</p>\r\n    <p>在新家里交到属于自己的新朋友</p>\r\n    <p>\r\n      <img\r\n        src="http://vky-oss.inboyu.com/upload/39e9f645-4b8c-3b78-999e-e897b9602421.jpg"\r\n        alt=""\r\n      />\r\n    </p>\r\n    <p>等待现场Pa客Pick的三位管家候选人</p>\r\n    <p>\r\n      <img\r\n        src="http://vky-oss.inboyu.com/upload/39e9f645-b24e-3bda-2871-3e2322ebbdcd.jpg"\r\n        alt=""\r\n      />\r\n    </p>\r\n    <p>当选第一位天坛店大管家的吴凡</p>\r\n    <p>最终天坛店的第一位租客</p>\r\n    <p>来自北京本土的有志青年吴凡</p>\r\n    <p>以他的人格魅力获得了最多的荧光棒，</p>\r\n    <p>成为了第一位天坛店大管家！</p>', 'http://vky-oss.inboyu.com/upload/39e9f643-af67-59fa-b132-44f99a9cc60f.jpg，http://vky-oss.inboyu.com/upload/39e9f643-ed06-534b-6eaf-99fe4b6d2d55.jpg，http://vky-oss.inboyu.com/upload/39e9f644-6b67-e809-bb90-cf55e9637d97.jpg，http://vky-oss.inboyu.com/upload/39e9f644-bb48-cbb7-964e-936ed810fcc9.jpg，http://vky-oss.inboyu.com/upload/39e9f644-fc7d-e480-5d05-c50049f00aba.jpg，http://vky-oss.inboyu.com/upload/39e9f645-4b8c-3b78-999e-e897b9602421.jpg，http://vky-oss.inboyu.com/upload/39e9f645-b24e-3bda-2871-3e2322ebbdcd.jpg，http://vky-oss.inboyu.com/upload/39efed70-b851-5862-1275-b35ab76de118.png', '北京'),
(2, '与泊寓一起做“不塑之客”', 'http://vky-oss.inboyu.com/upload/39e9f639-6945-fc02-707a-b240ca1e3814.jpg', '<h2>与泊寓一起做“不塑之客”</h2>     <p>当天Pa客的参与热情高涨，看到大家的环保意识如此强</p>     <p>烈，泊老板非常欣慰！如果没能抽出时间参加，那就和</p>     <p>泊老板一起来回顾现场吧~</p>     <p>《A Plastic Ocean塑料海洋》向我们揭示了海洋污染</p>     <p>背后残忍又真实的真相——</p>     <p><img src="http://vky-oss.inboyu.com/upload/39e9f639-b902-9901-e1c4-35f667645fed.jpg" alt=""></p>     <p>我们的空气里漂浮着塑料烟雾，我们的土地上堆满了白</p>     <p>色垃圾，可没想到的是在距离我们最遥远的海底，也充</p>     <p>斥着塑料颗粒。发明不到百年的塑料，如今已经充斥在</p>     <p>我们赖以生存的地球每个角落...</p>     <p><img src="http://vky-oss.inboyu.com/upload/39e9f63a-1d5c-ba44-d419-3c6cec22327c.jpg" alt=""></p>     <p>海洋在最近几十年变成了排污之地。每年人类会向海洋</p>     <p>中排放650万吨的废弃物，其中80%都为塑料制品，每</p>     <p>立方公里的海洋中都能找到成千上万个塑料碎片。这些</p>     <p>海洋中的“PM2.5”每年杀死或者伤害了成千上万的海</p>     <p>洋哺乳动物及海鸟，无论是从地中海到北海、大西洋到</p>     <p>太平洋还是从美洲大陆到印度大陆……</p>     <p><img src="http://vky-oss.inboyu.com/upload/39e9f63a-bc98-ec26-71c9-5a2fcce5ba6f.jpg" alt=""></p>     <p>我们所消耗的每一片塑料，都有可能流入大海。光是太</p>     <p>平洋上的海洋垃圾就已经达到300多万平方公里，超过</p>     <p>了印度的国土面积，如果再不采取措施的话，海洋将无</p>     <p>法负荷，而人类也终将无法生存。</p>     <p><img src="http://vky-oss.inboyu.com/upload/39e9f63a-fb02-c8b0-2029-e9020a8f784f.jpg" alt=""></p>     <p>泊寓携手公益组织Diver For A Better Ocean在泊寓北</p>     <p>京劲松店公区举办的「深蓝放映会」，让我们认识到了</p>     <p>海洋环境污染治理，已经到了刻不容缓的程度，我们在</p>     <p>现场畅谈了关于海洋污染治理的方法。</p>     <p>“我认为国家应该出台相关政策落实限塑令，也应该提</p>     <p>高防治海洋环境污染的财政支出…</p>     <p>“我觉得应该尽快发明可自然降解的塑料替代品，从根</p>     <p>源上杜绝塑料污染！”</p>     <p>“有没有可能研究加快塑料降解的无污染制剂…”</p>     <p>“其实说那么多，预防才是解决问题的根本办法。”</p>     <p>……</p>     <p>放映会现场Pa客们与公益组织成员讨论着海洋污染治理</p>     <p>的畅想，也积极参与了公益小组的义卖活动，为海洋污</p>     <p>染治理出一份力。</p>     <p><img src="http://vky-oss.inboyu.com/upload/39e9f63b-3fc5-894a-695e-d8059603c7a0.jpg" alt=""></p>     <p>泊寓，城市青年家，</p>     <p>积极参与公益事业，</p>     <p>为还世界干净添份力！</p>     <p>在此泊老板呼吁全体Pa客，</p>     <p>在日常生活中努力做到以下几点：</p>     <p>• 减少使用塑料制品，不使用一次性塑料制品；</p>     <p>• 不乱丢垃圾，丢弃垃圾要分类;</p>     <p>• 出门带好保温杯，尽量少喝瓶装水;</p>     <p>• 少吃外卖，来公区一起做饭；</p>', '', '北京'),
(3, '「爱的纽带」公益行动', 'http://vky-oss.inboyu.com/upload/39e9f642-1c38-4103-4289-b8fa5c88d7fb.jpg', '', '', '北京'),
(4, '泊鹿漫画丨江湖再见', 'http://vky-oss.inboyu.com/upload/39e9f558-2363-659c-42eb-0226e521a3ac.jpg', '<h2>泊鹿漫画丨江湖再见</h2>     <p><img src="https://mmbiz.qpic.cn/mmbiz_jpg" alt=""></p>    <p><img src="https://mmbiz.qpic.cn/mmbiz_jpg" alt=""></p>     <p>如果你有什么好的剧情建议</p>     <p>可以发到泊寓北京后台告诉我们哦~</p>', '', '北京'),
(5, '为什么我们总是乐此不疲地谈论爱情', 'http://vky-oss.inboyu.com/upload/39e9f609-81e1-4938-4c8b-a9e498aea27a.jpg', '', '', '南京'),
(6, '嘘！这个小哥哥的秘密，都藏在盒子里', 'http://vky-oss.inboyu.com/upload/39e9f17c-e717-72ad-5e75-bacdbf693f03.jpg', '', '', '南京'),
(7, '有朋友，有美食，你还要怎样更好的时光', 'http://vky-oss.inboyu.com/upload/39e9f60f-facf-0cc2-ec8c-1e6adcb52be9.jpg', '', '', '南京'),
(8, '终极对决如约而至，我在 泊寓等你！', 'http://vky-oss.inboyu.com/upload/39e9f615-eed1-7137-8c6c-322739558c6f.jpg', '', '', '南京'),
(9, '有句情话不知当讲不当 讲......', 'http://vky-oss.inboyu.com/upload/39e9f424-bf72-3983-7e54-901f4a09c79b.jpg', '<p>一个人没有什么不好</p>\r\n    <p>但是在泊寓</p>\r\n    <p>你会遇见一群人</p>\r\n    <p>他们友好善良！</p>\r\n    <p>他们乐观向上！</p>\r\n    <p>他们幽默风趣！</p>\r\n    <p>520来了，少男少女们的大好机会来啦！准备好告白了</p>\r\n    <p>吗？</p>\r\n    <p>下面小泊将双手奉上，精心准备的告白攻略！</p>\r\n    <p>如果你还未准备好，可以参考哦！</p>\r\n    <p>/ 电影院表白法 /</p>\r\n    <p>在5.20到来前，提前买上几张电影票，约上三五好友包</p>\r\n    <p>括你钟情的那一位一起去电影院看电影，在电影上映前</p>\r\n    <p>你必须事先和电影院的负责人商量好，能否利用电影广</p>\r\n    <p>告时间帮你投影一下你的爱情宣言，然后让朋友帮你准</p>\r\n    <p>备好鲜花，送给你的那一位，在这样的浪漫的情景下，</p>\r\n    <p>你的那个她（他），一般都是不会拒绝的。</p>\r\n    <p>/ 卡拉ok表白法 /</p>\r\n    <p>520前事先预定好520当天的KTV包间，约上你的梦中</p>\r\n    <p>情人以及你们的朋友，一起去KTV唱歌，你可以选择一</p>\r\n    <p>首对方喜欢的歌曲献给她，在唱完这首歌后用言语向她</p>\r\n    <p>表白，并献上鲜花，这个时候要让朋友们帮你说话，让</p>\r\n    <p>对方能够接受你的表白答应做你的女（男）朋友，开启</p>\r\n    <p>爱的旅程。</p>\r\n    <p>/ 旅游表白法 /</p>\r\n    <p>520约上朋友一起去旅游景点游玩，可以在玩得尽兴的</p>\r\n    <p>时候发起爱情攻势，如在山顶上大家来高声大喊听回音</p>\r\n    <p>时大声表白，也可以在小船荡漾时送上鲜花来表白，这</p>\r\n    <p>些都是非常实用的方法，关键就是要把握一个很好的时</p>\r\n    <p>机，让对方既能接受你，又能感觉很浪漫。</p>\r\n    <p>/ 真心话大冒险表白法 /</p>\r\n    <p>520晚上先邀请双方的朋友一起聚餐，然后去约好的咖</p>\r\n    <p>啡店或者桌游店一起玩真心话大冒险游戏，让事先策划</p>\r\n    <p>好的朋友罚你向喜欢的人表白，你可以利用这样的机会</p>\r\n    <p>向对方表白，并送上鲜花，这样的表白就既显得很自</p>\r\n    <p>然，也能给对方一个惊喜。</p>\r\n    <p>/ 微信表白法 /</p>\r\n    <p>如果你朋友不多，资金也不够宽裕的话，同时又害怕失</p>\r\n    <p>败的话。那微信表白法是一个不错的选择。你可以用一</p>\r\n    <p>个对方不知道的微信加她（他）为好友，然后在那天约</p>\r\n    <p>对方上网，由于你对她（他）已经很熟悉了，你可以在</p>\r\n    <p>交流中准确猜中对方的种种爱好及习性，所以她（他）</p>\r\n    <p>一定会对你很惊讶。此时你可以向对方表白，告诉对方</p>\r\n    <p>你俩认识，让他猜猜你是谁，你可以提供一下你的信息</p>\r\n    <p>给对方猜。如果对方愿意猜，并能猜对的话，你就成功</p>\r\n    <p>了；当然如果没猜对，你们仍旧可以做朋友也不会尴</p>\r\n    <p>尬。</p>\r\n    <p>是不是心动了？</p>\r\n    <p>520，多么暧昧的节日</p>\r\n    <p>空气中都散发着情侣的温馨</p>\r\n    <p>暖心的小泊将为广大单身狗创造机会</p>\r\n    <p>520泊寓长春四家门店联合举办单身趴活动</p>', 'http://vky-oss.inboyu.com/upload/39e9f425-4f38-5c2a-45fd-0212503260b5.jpg,http://vky-oss.inboyu.com/upload/39e9f426-d392-80e9-72ef-2595732b35ab.jpg,http://vky-oss.inboyu.com/upload/39e9f427-0d0d-bf71-54c4-b335a2afd296.jpg,http://vky-oss.inboyu.com/upload/39e9f427-a780-039c-e7a4-9065f62916cb.jpg,http://vky-oss.inboyu.com/upload/39e9f428-08cb-8962-041b-6bf4dcfff19c.jpg,http://vky-oss.inboyu.com/upload/39e9f428-82e3-4965-9b96-92d9695b186b.jpg,http://vky-oss.inboyu.com/upload/39efed70-b851-5862-1275-b35ab76de118.png', '长春'),
(10, '在泊寓，你的中秋不孤单', 'http://vky-oss.inboyu.com/upload/39e9f429-7e71-b87e-17e2-112d99452180.jpg', '<p>中庭地白树栖鸦，冷露无声湿桂花。</p>\r\n    <p>今夜月明人尽望，不知秋思落谁家。</p>\r\n    <p>中秋团圆的日子，</p>\r\n    <p>但因种种原因无法回去与家人团聚，</p>\r\n    <p>每逢佳节倍思亲，小泊怎会让你寂寞！</p>\r\n    <p>且看小泊在这个中秋</p>\r\n    <p>都做了哪些大事件...</p>\r\n    <p>/ 泊寓·珠海路店&泊寓·胜利大街店一期、二期 /</p>\r\n    <p>充满艺术细胞的中秋节，绘制丙烯画~</p>\r\n    <p>除了带走美好的回忆，</p>\r\n    <p>还带走了自己的珍品。 /</p>\r\n    <p>小泊陪伴一起DIY月饼，</p>\r\n    <p>这月饼，小泊看了直流口水~</p>\r\n    <p>美食与欢乐全部统统吞进肚里！</p>\r\n    <p>/ 泊寓·普阳街店 /</p>\r\n    <p>对家乡亲人热烈的思念，</p>\r\n    <p>全部化为滚烫的火锅，</p>\r\n    <p>咽进俏皮的小肚子里。</p>\r\n    <p>小泊永远不会让你感到寒冷！</p>\r\n    <p>/ 泊寓·会展中心店 /</p>\r\n    <p>零食、游戏，我们是从来不缺的，</p>\r\n    <p>尽情碰杯，一杯敬故乡，一杯敬新家！</p>\r\n    <p>家的味道，</p>\r\n    <p>在泊寓是永不会淡的！</p>\r\n    <p>367天，</p>\r\n    <p>你若不离，我便不弃，</p>\r\n    <p>多出的那一天，</p>\r\n    <p>是未来与你在一起的每一天！</p>', 'http://vky-oss.inboyu.com/upload/39e9f42a-4d37-11dd-59b9-567bd6658206.jpg,http://vky-oss.inboyu.com/upload/39e9f42a-b73d-289b-b16c-bc094a091bc8.jpg,http://vky-oss.inboyu.com/upload/39e9f42b-164e-9aa2-7e9b-9cd483069211.jpg,http://vky-oss.inboyu.com/upload/39e9f42b-762d-adc9-75d1-16be1476ff0b.jpg,http://vky-oss.inboyu.com/upload/39efed70-b851-5862-1275-b35ab76de118.png', '长春'),
(11, '感恩节|感谢有你，一路相伴', 'http://vky-oss.inboyu.com/upload/39ea6128-6c13-53c4-9639-74d6656e7720.png', '<p>这个世界很大，</p>\r\n    <p>几十亿的人口，</p>\r\n    <p>而与你血脉相连的，</p>\r\n    <p>不过寥寥。</p>\r\n    <p>我们总能幸运地遇到一些人，</p>\r\n    <p>当我们融入这个世界，</p>\r\n    <p>会发现这个世界很温柔，很温暖。</p>\r\n    <p>感谢所遭受的苦难，</p>\r\n    <p>因为“生命因负重而精彩”~</p>\r\n    <p>更要感谢一直鼓励自己的那个</p>\r\n    <p>因为是</p>\r\n    <p>“TA”</p>\r\n    <p>让你不再孤单，~</p>\r\n    <p>感谢你</p>\r\n    <p>，</p>\r\n    <p>感谢你，</p>\r\n    <p>来到这里，</p>\r\n    <p>与我一起分享生活的真谛；</p>\r\n    <p>感谢你，</p>\r\n    <p>将每一段时光，</p>\r\n    <p>打包成快乐的回忆。</p>\r\n    <p>唯愿，</p>\r\n    <p>愿未老的时光里，</p>\r\n    <p>伴在生活的点点滴滴</p>\r\n    <p>愿下一程，</p>\r\n    <p>你不缺席。</p>\r\n    <p>泊寓·东新路店的美丽</p>\r\n    <p>因为有你，</p>\r\n    <p>感恩节，</p>\r\n    <p>让我对你道声感谢，</p>\r\n    <p>因为有你，生活如此精彩，</p>\r\n    <p>因为有你，我并不孤单...</p>\r\n    <p>感恩有你</p>\r\n    <p>门店地址：二道区福安街388号</p>\r\n    <p>看房热线：0431-87990666/</p>\r\n    <p>19969590920</p>', 'https://mmbiz.qpic.cn/mmbiz_jpg/z1BNGgjoc4icibzJwrXynMveibIR5KwUiaJDUH7CgEL52tbuPuXVYk5vEoPFZXWBGhICDNnj34BB29hkVaMYFqeafg/640,https://mmbiz.qpic.cn/mmbiz_jpg/0QopRlqNIrcXUTylkWDp1SK597T9icHM4piaNs8ogn6VT7PQ67ickHxwVOjVGQgnpBhLBA3EKPv5IN4MTJqDKvz5Q/640,https://mmbiz.qpic.cn/mmbiz_jpg/0QopRlqNIrcXUTylkWDp1SK597T9icHM41IqggH4TbrR7ly0WSIuIIaQTUWrcEbJAXk1TrVbpdOURMRCMh9ULEw/640,https://mmbiz.qpic.cn/mmbiz_jpg/0QopRlqNIrcXUTylkWDp1SK597T9icHM4Tk4AgIziczUGE7AibiaUwXaF6CcItstFQ8KaAbSd4AKXJcfHEuKh2dc5w/640,https://mmbiz.qpic.cn/mmbiz_jpg/0QopRlqNIrcXUTylkWDp1SK597T9icHM4RMdS9BT5kltSUGSRicMys2vEboKG6lS9UHTmOZ1XwrSt1IJIHo4AbkA/640,https://mmbiz.qpic.cn/mmbiz_jpg/0QopRlqNIrcXUTylkWDp1SK597T9icHM49kjtg82VpRwY6jeNccD1Pxop7XHLBbu8NyNfGygCaibW3tbQIy1nYFA/640,https://mmbiz.qpic.cn/mmbiz_jpg/xvliaApbhrqicffMuk9lfBahDhk4gOnaibb8w4fIRyy7Q9c1HicEVgqEjcX0kwXZlUciaWM3zUhBdQpoOQt8OxBsLKQ/640,', '长春'),
(12, '太魔性！看泊寓硅谷大街二店如何引领租赁时尚风向标', 'http://vky-oss.inboyu.com/upload/39ea6126-f1f8-cf97-8dd1-5fd1e5791896.png', '<p>泊寓长春</p>\r\n    <p>2018-11-26</p>\r\n    <p>也许你心里有清风明月</p>\r\n    <p>可现实也有油盐烟火</p>\r\n    <p>你想有诗和远方</p>\r\n    <p>也要备足干粮和行装</p>\r\n    <p>生活不止眼前的苟且</p>\r\n    <p>还有赚钱和租房</p>\r\n    <p>还在忧心心心念念的房源又没了？</p>\r\n    <p>这次小泊来到老地方</p>\r\n    <p>泊寓硅谷大街二期重磅来袭</p>\r\n    <p>———— / 公区总览 / ————</p>\r\n    <p>▲ 左右滑动查看更多图片</p>\r\n    <p>后来梦想缩了水</p>\r\n    <p>欲望也瘪的不像话</p>\r\n    <p>那里有宽敞明亮会客厅与精简健身房</p>\r\n    <p>豪华影音、桌球和棋牌室</p>\r\n    <p>更有超多志同道合的伙伴</p>\r\n    <p>小泊等你来撩</p>\r\n    <p>———— / 户型选择 / ————</p>\r\n    <p>  懂你的繁华    </p>\r\n    <p>如果城市的拥挤让你觉得有一丝烦躁</p>\r\n    <p>如果平淡的生活让你深感懊恼</p>\r\n    <p>那就找一间温柔的居所</p>\r\n    <p>开启精致的生活</p>\r\n    <p>▲ 左右滑动查看更多图片</p>\r\n    <p>因为有你，</p>\r\n    <p>  懂你的品味    </p>\r\n    <p>简约不简单的小屋是拍照的绝佳场景</p>\r\n    <p>镜头里的你和TA都带有后现代的滤镜</p>\r\n    <p>性感慵懒</p>\r\n    <p>▲ 左右滑动查看更多图片</p>\r\n    <p>  懂你的态度    </p>\r\n    <p>每一夜都能安安稳稳得入睡</p>\r\n    <p>每一天也能精力充沛得醒来</p>\r\n    <p>这就是最好的安排</p>\r\n    <p>▲ 左右滑动查看更多图片</p>\r\n    <p>  懂你的生活    </p>\r\n    <p>睡意朦胧的早晨</p>\r\n    <p>或披上一件衬衣到阳台迎接朝阳</p>\r\n    <p>或依偎在榻榻米上</p>\r\n    <p>与被子甜蜜的拥抱</p>\r\n    <p>▲ 左右滑动查看更多图片</p>\r\n    <p>我甘愿被这一时兴起的贪得无厌的</p>\r\n    <p>占有欲所盘踞</p>\r\n    <p>将此刻美好的一切私藏到春天</p>\r\n    <p>到来日来年</p>\r\n    <p>到硅谷大街二店开业的时候</p>\r\n    <p>所有的美好</p>\r\n    <p>都在等待你的青睐</p>\r\n    <p>地址：硅谷大街佳园路交汇浦发银行后</p>\r\n    <p>电话：0431-81914748/15584413219</p>\r\n    <p>致生活在泊寓的每一位家人：</p>\r\n    <p>      感谢您对泊寓一直以来的支持与信任，为了能够给您提供更加贴心的服务和更加舒适的居住环境，现诚邀您扫描下方二维码，提出您的宝贵意见和建议，我们会认真倾听，并致力于给您更好的生活体验。</p>\r\n    <p>泊寓·长春</p>\r\n    <p>陪伴是最长情的告白</p>\r\n    <p>长按二维码识别</p>\r\n    <p>           喜欢此内容的人还喜欢               </p>\r\n    <p>             开工大吉！泊寓租房节开启，早春三重活动送好礼！                        </p>\r\n    <p>                 泊寓长春               </p>', 'https://mmbiz.qpic.cn/mmbiz_jpg/0QopRlqNIrd9lOycDHZvjJt0iaciczNkTDooGmYfBINKiaVdOVYtcwU7HPvX4mDVWZXDRrecLl4eNy0Gc0loqfT3A/640，https://mmbiz.qpic.cn/mmbiz_jpg/0QopRlqNIrd9lOycDHZvjJt0iaciczNkTDprXowxUnoPKkO7ZeBYGIM57p5UIY7kcSUlNHV1PPRdiatFIJPaf8ibTA/640，https://mmbiz.qpic.cn/mmbiz_jpg/0QopRlqNIrd9lOycDHZvjJt0iaciczNkTDtVLKoxsibjOrviaBXuFuOEOpQ7xqG462YvaOdgRicbmIMt04Ogib9mBDvA/640，https://mmbiz.qpic.cn/mmbiz_jpg/0QopRlqNIrd9lOycDHZvjJt0iaciczNkTD0IDrqMSovM0NicCSskosMu3ktcEBqFIh1KAvUpX4xQuCOzODwQUrAQw/640，https://mmbiz.qpic.cn/mmbiz_jpg/0QopRlqNIrd5aSN2T6w41xOMf6zadOVlphfAo9xbMe2j5IvPanjwcVEBVYx5iadCn0cDbbU29icTZ3mmOnsWmqMA/640，https://mmbiz.qpic.cn/mmbiz_jpg/0QopRlqNIrd5aSN2T6w41xOMf6zadOVl6e6lOJjC2eWqwWXx4krJHgbjXHiaaVppY7FqeU2WmnRcAET82jEs04g/640?tp=webp&wxfrom=5&wx_lazy=1&wx_co=1，https://mmbiz.qpic.cn/mmbiz_jpg/0QopRlqNIrd5aSN2T6w41xOMf6zadOVl3In6Picib6odqxkBku6GSCFKHgxb6y3rKahcLK43cNqHw37oMNncTzxw/640?tp=webp&wxfrom=5&wx_lazy=1&wx_co=1，https://mmbiz.qpic.cn/mmbiz_jpg/0QopRlqNIrd5aSN2T6w41xOMf6zadOVlAI7dfICGajD9AVfevpGYZSojeusdTowWzGlsAt3q6YaQU1pTJZjxrw/640，https://mmbiz.qpic.cn/mmbiz_jpg/0QopRlqNIrd5aSN2T6w41xOMf6zadOVlTic9W0nEN2ic3DOtticbFmpwq7XjnrllL89BTI2UTsyvCfbt0LTFiburBg/640，https://mmbiz.qpic.cn/mmbiz_jpg/0QopRlqNIrd5aSN2T6w41xOMf6zadOVlwBgU8YDHR6aZKBVicD6Iz9WSTy2ObG6F98oKvia1giaKibfPBVPComib7tw/640，https://mmbiz.qpic.cn/mmbiz_jpg/0QopRlqNIrd5aSN2T6w41xOMf6zadOVlmXy3rLv2L3KMFQCs5drCwqQxgy6P81z9fIThtr6RCYs664MM0qgSPA/640，https://mmbiz.qpic.cn/mmbiz_jpg/0QopRlqNIrd5aSN2T6w41xOMf6zadOVlebU9905TryNsicMmzBOdoKzWibKavAyeXbhJiaAqH2ysOKibXubaUYIIug/640，https://mmbiz.qpic.cn/mmbiz_jpg/0QopRlqNIrd5aSN2T6w41xOMf6zadOVlBrZweILXX6Sib7XbNC5UAUj3Prgiaiabf2mibnxTcFtjKiaGKCUXianyicjgA/640，https://mmbiz.qpic.cn/mmbiz_jpg/0QopRlqNIrd5aSN2T6w41xOMf6zadOVl6ZoOQJWL9YxDglSM46suJ2Ofvj9hR9bUrfwQ3HYZPE6S4TmR5aviaxg/640，https://mmbiz.qpic.cn/mmbiz_jpg/0QopRlqNIrd5aSN2T6w41xOMf6zadOVlrwTkMyH1NvyVfCtSbsQINZOKHgaxLMhPncorBIHGickjwTnAHW4w1KQ/640，https://mmbiz.qpic.cn/mmbiz_jpg/0QopRlqNIrd5aSN2T6w41xOMf6zadOVlU5pibPNib7yfGt7kwBib2DG9j3hiceBIknOQicUEBJHm1NWtTkAnA7dMNzw/640，https://mmbiz.qpic.cn/mmbiz_png/eom5BwctrtowZgK5T9pIpgaUF5eqN9ic8BU0n4aGyTY8rXrSHoO14Q14z5nKh7QQ0ScnncBB2sgrLz2GSdP07jw/640，https://mmbiz.qpic.cn/mmbiz_jpg/0QopRlqNIrcXUTylkWDp1SK597T9icHM4LylYdiaf4xA9NQOWPQ02L7YHq5OiaZyDpfBXlkc5AadFsypW4oLpbHVg/640?wx_fmt=jpeg，https://mmbiz.qlogo.cn/sz_mmbiz_jpg/0QopRlqNIrdIkUW7adXtTQ1UIOTUooXL7Us4sCWwQ05MbcfibfXYOZ3ugLTnKUfBCfgKKFSvtzRnXQZDLd4hJYA/0?wx_fmt=jpeg，', '长春'),
(13, '为什么我们总是乐此不疲地谈论爱情', 'http://vky-oss.inboyu.com/upload/39e9f646-53f4-509a-0062-4c1e599910ac.jpg', NULL, NULL, '杭州'),
(14, '夏日炎炎?这波操作你值 得拥有!', 'http://vky-oss.inboyu.com/upload/39e9f5f2-458e-61e9-932f-2211f67ac7e3.jpg', NULL, NULL, '杭州'),
(15, '和樊登读书会一起听书看 书，你真的读懂书了吗?', 'http://vky-oss.inboyu.com/upload/39e9f650-4d48-d25c-77d8-46a878bcfb76.jpg', NULL, NULL, '杭州'),
(16, '静下来，和书来一场身心 的对话', 'http://vky-oss.inboyu.com/upload/39e9f63a-b971-0e02-a0f4-b41741752b0d.jpg', NULL, NULL, '杭州'),
(17, '2周年抽奖 | 看我bobo子今日出道给各位带来了什么福利！', 'http://vky-oss.inboyu.com/upload/39f62595-0dd4-33fd-b2ae-5bcca5665aed.png', NULL, NULL, '苏州'),
(18, '2周年 | 真我美好家，我把夏天布置进了房间', 'http://vky-oss.inboyu.com/upload/39f62594-2060-4cfc-6fa4-e3fe4d73e52e.png', NULL, NULL, '苏州'),
(19, '2周年 | 带着养乐多拍抖音，值得包月畅饮的VLOG即将到达现场', 'http://vky-oss.inboyu.com/upload/39f62593-3759-709c-0c67-cafa9870f983.png', NULL, NULL, '苏州'),
(20, '品姑苏 | 一期一食，苏州的美其实早就融进了你的胃里。', 'http://vky-oss.inboyu.com/upload/39f62590-02fe-afa1-ae63-17c5e61e8522.png', NULL, NULL, '苏州'),
(21, '泊寓世界杯，激情之夜！', 'http://vky-oss.inboyu.com/upload/39e9f5ec-60e8-9f9b-054f-84b6568299ee.jpg', NULL, NULL, '广州'),
(22, '泊寓王者巅峰之战', 'http://vky-oss.inboyu.com/upload/39e9f5e3-524e-775a-bd16-6e719456a956.jpg', NULL, NULL, '广州'),
(23, '这年头书读的少，笑话都要看不懂了', 'http://vky-oss.inboyu.com/upload/39e9f5db-c59e-918b-5d54-46a21d88ce03.jpg', NULL, NULL, '广州'),
(24, '群雄争霸，逐鹿中八', 'http://vky-oss.inboyu.com/upload/39e9f5dd-d1d1-6db9-325c-41377ef706b7.jpg', NULL, NULL, '广州'),
(25, '一起玩儿丨跟泊老板一起体验粉色万圣节的“360”玩法', 'http://vky-oss.inboyu.com/upload/39e9f557-637f-fa9f-459d-8da19ca0c882.jpg', NULL, NULL, '北京'),
(26, '毕业租房 | 2019年毕业生租房特权，新老“荐”面礼拿好不谢！', 'http://vky-oss.inboyu.com/upload/39ee099e-435d-b3a0-cecf-c1ff44d381f6.jpg', NULL, NULL, '大连'),
(27, '泊寓女神节 | 不负韶华不负己，看我如何把你捧在手心里~', 'http://vky-oss.inboyu.com/upload/39ec8cdf-d907-4514-8288-e1defed0287b.jpg', NULL, NULL, '大连'),
(28, '喜讯 | 新年爆款——城市青年人才公寓，一期满租啦！新生活，看这里~ ', 'http://vky-oss.inboyu.com/upload/39ec8cdd-86a6-4f47-cd49-2a39c7787348.jpg', NULL, NULL, '大连'),
(29, '泊寓给您拜年啦~泊友亲笔提福字，祝大家新年万事“佩奇”，福势当道！ ', 'http://vky-oss.inboyu.com/upload/39ec8cdc-1239-b820-ca8d-2adeecac5c03.jpg', NULL, NULL, '大连'),
(30, '在泊寓，让我们实现了另一种团圆', 'http://vky-oss.inboyu.com/upload/39e9f5d4-8521-48c8-3cf7-e87005bec084.jpg', NULL, NULL, '福州'),
(31, '太虐啦！！来自泊寓单身doge的绝地反击！！', 'http://vky-oss.inboyu.com/upload/39e9f5d0-1661-9d7f-a433-f1ca4a0ca7ec.jpg', NULL, NULL, '福州'),
(32, '在福州，有这样一群人', 'http://vky-oss.inboyu.com/upload/39e9f5c4-a505-bbff-7f46-01f3ef76e776.jpg', NULL, NULL, '福州'),
(33, '奥体店，狼来了', 'http://vky-oss.inboyu.com/upload/39e9f5c8-b1db-8ede-f8eb-3b33edc72549.jpg', NULL, NULL, '福州'),
(34, '合肥泊寓·贰周年庆 ', 'http://vky-oss.inboyu.com/upload/39e9f61f-2916-090b-457d-95bd761d3f71.jpg', NULL, NULL, '合肥'),
(35, '七夕“寓见爱，遇见你” ', 'http://vky-oss.inboyu.com/upload/39e9f624-3945-2a63-57d2-725b815f878e.jpg', NULL, NULL, '合肥'),
(36, '给诸位铲屎官的...一封来信', 'http://vky-oss.inboyu.com/upload/39ecd428-9021-6be4-7b3b-21d1b51515d4.png', NULL, NULL, '合肥'),
(37, '泊寓租房节|开年钜惠，“寓”你再出发！助力砍价直降999元！', 'http://vky-oss.inboyu.com/upload/39ec2a81-d510-e51b-b8cb-94c2041dca3a.jpg', NULL, NULL, '合肥'),
(38, '用青菜拼车， 从此打车5折起，点击领专属85折券', 'http://vky-oss.inboyu.com/upload/39f68bbb-ac5b-eb9e-da6d-6904fee83f6a.jpg', NULL, NULL, '济南'),
(39, '不只有波普和机车，这里 还有高品质租住生活', 'http://vky-oss.inboyu.com/upload/39e9eb78-f8fa-0860-981c-394d478667e1.jpg', NULL, NULL, '济南'),
(40, 'We are here! 趁青春， 正在爱！', 'http://vky-oss.inboyu.com/upload/39e9eb80-83bd-5466-07ae-3b8ad51a9cf2.jpg', NULL, NULL, '济南'),
(41, 'QQ音乐牵手泊寓济南： 听歌，我们在听什么？', 'http://vky-oss.inboyu.com/upload/39e9eb87-4c2e-fbb0-0e13-ac2f73a6fd3c.jpg', NULL, NULL, '济南'),
(42, '嘴上说着要矜持，砍价的小手却很诚实', 'http://vky-oss.inboyu.com/upload/39ecc64e-d0bb-9c57-0ff1-6aa8ceef38ed.jpg', NULL, NULL, '青岛'),
(43, '白色情人节吃柠檬的样子，像极了单身狗', 'http://vky-oss.inboyu.com/upload/39ec8892-333d-9c47-318c-21cc83c87909.jpg', NULL, NULL, '青岛'),
(44, '狗粮管饱系列之情人节TA给了我一个家', 'http://vky-oss.inboyu.com/upload/39ebf7eb-1acc-f9ae-3855-5a5e69e3f16b.jpg', NULL, NULL, '青岛'),
(45, '城市戏精事故丨朋友圈国际大舞台，请开始你的表演', 'http://vky-oss.inboyu.com/upload/39ec646d-618d-5e60-a73d-247625d41adf.jpg', NULL, NULL, '青岛'),
(46, '城市乐跑赛还可以这样玩？ ', 'http://vky-oss.inboyu.com/upload/39e9f653-254b-e7b1-9a88-470c53a4d7b3.jpg', NULL, NULL, '天津'),
(47, '2017，泊寓感恩有你 ', 'http://vky-oss.inboyu.com/upload/39e9f650-2cee-2b43-d913-33b8deb3d660.jpg', NULL, NULL, '天津'),
(48, '找寻城市中的“主角感”', 'http://vky-oss.inboyu.com/upload/39e9b1b4-214f-03a7-0784-7720e218dcf9.jpg', NULL, NULL, '天津'),
(49, '舌尖上的中秋', 'http://vky-oss.inboyu.com/upload/39e925c3-e4c6-60ac-1944-b9bf9268fff2.gif', NULL, NULL, '天津'),
(50, '泊寓X善诊丨父亲节到了，泊友们礼物准备好了吗？', 'http://vky-oss.inboyu.com/upload/39f625a7-31c8-86ef-ba59-36ef89676ff3.png', NULL, NULL, '无锡'),
(51, '又是福利贴丨快来领！八大品牌联动泊寓送好礼！', 'http://vky-oss.inboyu.com/upload/39f625a5-178c-e028-a0bd-41777fc9ad30.png', NULL, NULL, '无锡'),
(52, '520官宣丨毕业两年内的萌新看过来，港湾计划4正式启航', 'http://vky-oss.inboyu.com/upload/39f6259f-d5d7-987a-ed04-17869a9bae82.png', NULL, NULL, '无锡'),
(53, '地球一小时丨夜色正暖，不如关灯用心看', 'http://vky-oss.inboyu.com/upload/39f6259f-2aed-3115-45ce-28edd8a78047.png', NULL, NULL, '无锡'),
(54, '请查收！您有一份来自 [ 高新园店 ] 的学生优惠！', 'http://vky-oss.inboyu.com/upload/39ed1ca5-325d-1325-67ef-24dc5f35a1e1.jpg', NULL, NULL, '厦门'),
(55, '家装大赛 | 来看看泊寓青年「了不起的房间」吧！', 'http://vky-oss.inboyu.com/upload/39ea8e3d-bac8-026e-22ae-dab411fcf15a.jpg', NULL, NULL, '厦门'),
(56, '这对住在泊寓华昌店的情侣 把租房打造成一个童话世界！', 'http://vky-oss.inboyu.com/upload/39ea8e34-8e6e-2665-3026-0ff045707643.jpg', NULL, NULL, '厦门'),
(57, '活动回顾 | 捣鬼的秋天 来万圣游园会惊声尖叫！', 'http://vky-oss.inboyu.com/upload/39e9df2e-667a-a862-daa0-e04334980055.jpg', NULL, NULL, '厦门'),
(58, '过来人告诉你，夏天就该 这样玩!', 'http://vky-oss.inboyu.com/upload/39e9f61d-5158-06d4-3ea7-475781af8b8e.jpg', NULL, NULL, '上海'),
(59, '泊寓·关于中秋节，泊寓 给你最好的庆祝方式', 'http://vky-oss.inboyu.com/upload/39e9f629-68ed-f23a-b9bd-db3ddab43780.jpg', NULL, NULL, '上海'),
(60, '电影主角招募，这次C位是你!', 'http://vky-oss.inboyu.com/upload/39e9f62e-9164-ae7b-e014-fe7c7468a7ad.jpg', NULL, NULL, '上海'),
(61, '“七店联动·暖心圣诞”快闪回顾', 'http://vky-oss.inboyu.com/upload/39e9f614-968b-4f64-7819-08fccbe8cca8.jpg', NULL, NULL, '上海'),
(62, 'pa客福利丨泊寓 助力实现你的商业创想', 'http://vky-oss.inboyu.com/upload/39e9f556-397b-54da-006a-cd2599188bd2.jpg', NULL, NULL, '北京'),
(63, '新店开业丨亦庄店开业大趴 企业双人间惊喜亮相', 'http://vky-oss.inboyu.com/upload/39e9f555-79d4-98de-f2c2-a1d476fcd00d.jpg', NULL, NULL, '北京'),
(64, '泊寓新店 ︱ 邂逅西直门店 收获整座城市的high&fun', 'http://vky-oss.inboyu.com/upload/39e9c1dc-5b7c-4e44-70a3-87602ce84f9d.jpg', NULL, NULL, '北京'),
(65, '泊鹿漫画丨我要看红叶', 'http://vky-oss.inboyu.com/upload/39e9c1e0-e988-e9ac-c49a-a77f09f9cf53.jpg', NULL, NULL, '北京'),
(66, '亦起玩儿丨iPad、法国红酒…超多开业福利，你还不来？', 'http://vky-oss.inboyu.com/upload/39e9c1de-261a-2417-e96b-6f11b92f2c74.jpg', NULL, NULL, '北京'),
(67, 'Pa客福利丨成为泊寓合伙人，来当底商“老板”', 'http://vky-oss.inboyu.com/upload/39e9c1df-003a-af40-387c-218f5ff15de2.jpg', NULL, NULL, '北京'),
(68, '泊“遇”安贞丨寻找森林的主人', 'http://vky-oss.inboyu.com/upload/39e92b20-ecd7-7872-e5a2-3355111ae761.jpg', NULL, NULL, '北京'),
(69, '泊鹿漫画丨月亮的秘密', 'http://vky-oss.inboyu.com/upload/39e92b2a-889a-50c1-701e-8cfb6cbf15b7.jpg', NULL, NULL, '北京'),
(70, '重磅！V盟合伙人计划上线', 'http://vky-oss.inboyu.com/upload/39e92b29-2ddc-43e0-a7c0-bcb63ad08c6d.png', NULL, NULL, '北京'),
(71, '一起玩儿丨交出你的照片，拿走我的礼物！', 'http://vky-oss.inboyu.com/upload/39e92b24-c7ca-8e35-4ac1-fc7f803b3d23.jpg', NULL, NULL, '北京'),
(72, '泊寓新店︱ 西直门店——拉近生活与梦想的距离', 'http://vky-oss.inboyu.com/upload/39e92b23-898e-5774-7f7e-184d39eec451.jpg', NULL, NULL, '北京'),
(73, '双店齐放丨北京很大，好在有泊寓Link你我', 'http://vky-oss.inboyu.com/upload/39e8fd75-a1d4-91b5-51ce-f5e7ed3d1f5e.jpg', NULL, NULL, '北京'),
(74, '市场动态丨8月北京房屋租赁市场月报', 'http://vky-oss.inboyu.com/upload/39e8fd7a-6a8b-e1d3-9007-be0bc86a2fa1.jpg', NULL, NULL, '北京');

-- --------------------------------------------------------

--
-- 表的结构 `city`
--

CREATE TABLE `city` (
  `city_name` varchar(20) DEFAULT NULL,
  `cityname_pinyin` varchar(20) DEFAULT NULL,
  `szm` varchar(4) DEFAULT NULL
) ENGINE=InnoDB DEFAULT CHARSET=utf8mb4;

--
-- 转存表中的数据 `city`
--

INSERT INTO `city` (`city_name`, `cityname_pinyin`, `szm`) VALUES
('北京', 'beijing', 'B'),
('长沙', 'changsha', 'C'),
('南京', 'nanjing', 'N'),
('成都', 'chengdu', 'C'),
('长春', 'changchun', 'C'),
('重庆', 'chongqing', 'C'),
('大连', 'dalian', 'D'),
('东莞', 'dongguan', 'D'),
('福州', 'fuzhou', 'F'),
('佛山', 'foshan', 'F'),
('广州', 'guangzhou', 'G'),
('合肥', 'hefei', 'H'),
('杭州', 'hangzhou', 'H'),
('青岛', 'qingdao', 'Q'),
('苏州', 'suzhou', 'S'),
('天津', 'tianjin', 'T'),
('武汉', 'wuhan', 'W'),
('厦门', 'xiamen', 'X'),
('烟台', '珠海', 'Y'),
('上海', 'shanghai', 'S');

-- --------------------------------------------------------

--
-- 表的结构 `layout`
--

CREATE TABLE `layout` (
  `lid` int(11) NOT NULL,
  `city_name` varchar(10) NOT NULL,
  `area` varchar(50) NOT NULL,
  `title` varchar(100) NOT NULL,
  `avator` varchar(1000) NOT NULL,
  `address_details` varchar(50) NOT NULL,
  `shop_name` varchar(20) NOT NULL,
  `shop_address` varchar(50) NOT NULL,
  `layout` varchar(15) NOT NULL,
  `images` varchar(1000) NOT NULL DEFAULT 'http://vky-oss.inboyu.com/upload/39ec0b96-b3fd-5f26-b309-77de6c051230.jpg，http://vky-oss.inboyu.com/upload/39f15be0-5486-762b-b5c5-3538804134f4.jpg，http://vky-oss.inboyu.com/upload/39f15be3-ca74-a4b3-eb7b-c62d2ebbca3a.jpg，http://vky-oss.inboyu.com/upload/39ec0b94-423b-880f-b2bd-4b8a00284aba.jpg，http://vky-oss.inboyu.com/upload/39ec0b94-93bf-8ef4-09f4-0d5952872f0f.jpg，http://vky-oss.inboyu.com/upload/39ec0b94-e133-a859-7e23-92ac898dcd32.jpg',
  `square` varchar(20) NOT NULL,
  `phone` varchar(11) NOT NULL,
  `detail` varchar(50) NOT NULL,
  `min_price` int(11) NOT NULL,
  `max_price` int(11) NOT NULL,
  `methods` varchar(10) NOT NULL
) ENGINE=InnoDB DEFAULT CHARSET=utf8;

--
-- 转存表中的数据 `layout`
--

INSERT INTO `layout` (`lid`, `city_name`, `area`, `title`, `avator`, `address_details`, `shop_name`, `shop_address`, `layout`, `images`, `square`, `phone`, `detail`, `min_price`, `max_price`, `methods`) VALUES
(0, '北京', '丰台区', '品质大开间（已租完）', 'http://vky-oss.inboyu.com/upload/39f6d53f-c749-a0ad-2317-eac5dc01b0a1.jpg', '北京市丰台区南三环方庄桥南泊寓成寿寺社区1号楼3层', '泊寓|院儿-成寿寺社区', '北京市丰台区南三环方庄桥南泊寓成寿寺社区', '开间', 'http://vky-oss.inboyu.com/upload/39ec0b96-b3fd-5f26-b309-77de6c051230.jpg，http://vky-oss.inboyu.com/upload/39f15be0-5486-762b-b5c5-3538804134f4.jpg，http://vky-oss.inboyu.com/upload/39f15be3-ca74-a4b3-eb7b-c62d2ebbca3a.jpg，http://vky-oss.inboyu.com/upload/39ec0b94-423b-880f-b2bd-4b8a00284aba.jpg，http://vky-oss.inboyu.com/upload/39ec0b94-93bf-8ef4-09f4-0d5952872f0f.jpg，http://vky-oss.inboyu.com/upload/39ec0b94-e133-a859-7e23-92ac898dcd32.jpg', '20.97 - 22.74m2', '18514094843', '独立卫浴,班车出行,智能社区', 3498, 3888, '整租'),
(1, '北京', '丰台区', '超大空间两房一厅', 'http://vky-oss.inboyu.com/upload/39f958f8-6607-6163-a7f2-1cf180e7fc56.jpg', '北京市丰台区花乡高立庄606号院', '泊寓|院儿-高立庄社区', '', '两室一厅', 'http://vky-oss.inboyu.com/upload/39ec0b96-b3fd-5f26-b309-77de6c051230.jpg，http://vky-oss.inboyu.com/upload/39f15be0-5486-762b-b5c5-3538804134f4.jpg，http://vky-oss.inboyu.com/upload/39f15be3-ca74-a4b3-eb7b-c62d2ebbca3a.jpg，http://vky-oss.inboyu.com/upload/39ec0b94-423b-880f-b2bd-4b8a00284aba.jpg，http://vky-oss.inboyu.com/upload/39ec0b94-93bf-8ef4-09f4-0d5952872f0f.jpg，http://vky-oss.inboyu.com/upload/39ec0b94-e133-a859-7e23-92ac898dcd32.jpg', '80m2', '13263222340', '独立卫浴,班车出行,智能社区', 4500, 6000, '整租'),
(2, '北京', '海淀区', '阳光大开间', 'http://vky-oss.inboyu.com/upload/39efa163-5d75-0851-d9ca-6f40027771f7.jpg', '北京市海淀区文慧园西路36号泊寓西直门店', '泊寓-西直门店', '', '开间', 'http://vky-oss.inboyu.com/upload/39ec0b96-b3fd-5f26-b309-77de6c051230.jpg，http://vky-oss.inboyu.com/upload/39f15be0-5486-762b-b5c5-3538804134f4.jpg，http://vky-oss.inboyu.com/upload/39f15be3-ca74-a4b3-eb7b-c62d2ebbca3a.jpg，http://vky-oss.inboyu.com/upload/39ec0b94-423b-880f-b2bd-4b8a00284aba.jpg，http://vky-oss.inboyu.com/upload/39ec0b94-93bf-8ef4-09f4-0d5952872f0f.jpg，http://vky-oss.inboyu.com/upload/39ec0b94-e133-a859-7e23-92ac898dcd32.jpg', '23.65 - 33.01m2', '13141042060', '服务费百分之十,独立卫浴,24小时安保服务', 5200, 7000, '整租'),
(3, '成都', '', '高性价比单间', 'http://vky-oss.inboyu.com/upload/39eae170-d342-67e4-0304-cb277625c6ea.jpeg', '成都市锦江区汇融创客广场', '泊寓-锦华店', '', '平层单间', 'http://vky-oss.inboyu.com/upload/39ec0b96-b3fd-5f26-b309-77de6c051230.jpg，http://vky-oss.inboyu.com/upload/39f15be0-5486-762b-b5c5-3538804134f4.jpg，http://vky-oss.inboyu.com/upload/39f15be3-ca74-a4b3-eb7b-c62d2ebbca3a.jpg，http://vky-oss.inboyu.com/upload/39ec0b94-423b-880f-b2bd-4b8a00284aba.jpg，http://vky-oss.inboyu.com/upload/39ec0b94-93bf-8ef4-09f4-0d5952872f0f.jpg，http://vky-oss.inboyu.com/upload/39ec0b94-e133-a859-7e23-92ac898dcd32.jpg', '12.46 - 26.75 m2', '18581615348', '品牌公寓，青年社区，免费健身', 1379, 1649, '整租'),
(4, '成都', '', '宽敞舒适大单间', 'http://vky-oss.inboyu.com/upload/39eae16e-9593-412d-4a74-913b540a20fe.jpeg', '成都市锦江区汇融创客广场', '泊寓-锦华店', '', '平层单间', 'http://vky-oss.inboyu.com/upload/39ec0b96-b3fd-5f26-b309-77de6c051230.jpg，http://vky-oss.inboyu.com/upload/39f15be0-5486-762b-b5c5-3538804134f4.jpg，http://vky-oss.inboyu.com/upload/39f15be3-ca74-a4b3-eb7b-c62d2ebbca3a.jpg，http://vky-oss.inboyu.com/upload/39ec0b94-423b-880f-b2bd-4b8a00284aba.jpg，http://vky-oss.inboyu.com/upload/39ec0b94-93bf-8ef4-09f4-0d5952872f0f.jpg，http://vky-oss.inboyu.com/upload/39ec0b94-e133-a859-7e23-92ac898dcd32.jpg', '12.24 - 30.47 m2', '18581615348', '品牌公寓，青年社区，免费健身', 1429, 1839, '整租'),
(5, '成都', '', '高性价比通透房', 'http://vky-oss.inboyu.com/upload/39f7614c-9e13-33ac-061d-2a012ab9f1b8.jpg', '金牛区一环路北一段436号', '泊寓-人民北路店三期', '', '平层单间', 'http://vky-oss.inboyu.com/upload/39ec0b96-b3fd-5f26-b309-77de6c051230.jpg，http://vky-oss.inboyu.com/upload/39f15be0-5486-762b-b5c5-3538804134f4.jpg，http://vky-oss.inboyu.com/upload/39f15be3-ca74-a4b3-eb7b-c62d2ebbca3a.jpg，http://vky-oss.inboyu.com/upload/39ec0b94-423b-880f-b2bd-4b8a00284aba.jpg，http://vky-oss.inboyu.com/upload/39ec0b94-93bf-8ef4-09f4-0d5952872f0f.jpg，http://vky-oss.inboyu.com/upload/39ec0b94-e133-a859-7e23-92ac898dcd32.jpg', '22.01 - 24.12 m2', '18582314332', '双地铁，无中介，可月付', 1640, 1810, '整租'),
(6, '长春', '', '标准单间', 'http://vky-oss.inboyu.com/upload/39f282b8-3998-7eb1-a773-035d2220e66c.jpg', '长春市南关区长春大街与近埠街交汇处', '泊寓-人民广场店', '', '开间', 'http://vky-oss.inboyu.com/upload/39ec0b96-b3fd-5f26-b309-77de6c051230.jpg，http://vky-oss.inboyu.com/upload/39f15be0-5486-762b-b5c5-3538804134f4.jpg，http://vky-oss.inboyu.com/upload/39f15be3-ca74-a4b3-eb7b-c62d2ebbca3a.jpg，http://vky-oss.inboyu.com/upload/39ec0b94-423b-880f-b2bd-4b8a00284aba.jpg，http://vky-oss.inboyu.com/upload/39ec0b94-93bf-8ef4-09f4-0d5952872f0f.jpg，http://vky-oss.inboyu.com/upload/39ec0b94-e133-a859-7e23-92ac898dcd32.jpg', '16.8 - 40.6 m2', '17896116847', '交通便利简约时尚，生活便利配套齐全，安全24小时守护', 1655, 1899, '整租'),
(7, '长春', '', '商务套房', 'http://vky-oss.inboyu.com/upload/39f282b6-891f-57ba-efee-2353d54a4a42.jpg', '长春市南关区长春大街与近埠街交汇处', '泊寓-人民广场店', '', '有隔断一室一卫', 'http://vky-oss.inboyu.com/upload/39ec0b96-b3fd-5f26-b309-77de6c051230.jpg，http://vky-oss.inboyu.com/upload/39f15be0-5486-762b-b5c5-3538804134f4.jpg，http://vky-oss.inboyu.com/upload/39f15be3-ca74-a4b3-eb7b-c62d2ebbca3a.jpg，http://vky-oss.inboyu.com/upload/39ec0b94-423b-880f-b2bd-4b8a00284aba.jpg，http://vky-oss.inboyu.com/upload/39ec0b94-93bf-8ef4-09f4-0d5952872f0f.jpg，http://vky-oss.inboyu.com/upload/39ec0b94-e133-a859-7e23-92ac898dcd32.jpg', '25.2 - 51.8 m2', '17896116847', '交通便利简约时尚，生活便利配套齐全，安全24小时守护', 2105, 2999, '整租'),
(8, '长春', '', '品质单间', 'http://vky-oss.inboyu.com/upload/39f282cc-b91f-dfaa-75e8-beb9ca2bff73.jpg', '长春市南关区长春大街与近埠街交汇处', '泊寓-人民广场店', '', '明窗一室一卫', 'http://vky-oss.inboyu.com/upload/39ec0b96-b3fd-5f26-b309-77de6c051230.jpg，http://vky-oss.inboyu.com/upload/39f15be0-5486-762b-b5c5-3538804134f4.jpg，http://vky-oss.inboyu.com/upload/39f15be3-ca74-a4b3-eb7b-c62d2ebbca3a.jpg，http://vky-oss.inboyu.com/upload/39ec0b94-423b-880f-b2bd-4b8a00284aba.jpg，http://vky-oss.inboyu.com/upload/39ec0b94-93bf-8ef4-09f4-0d5952872f0f.jpg，http://vky-oss.inboyu.com/upload/39ec0b94-e133-a859-7e23-92ac898dcd32.jpg', '16.8 - 21 m2', '17896116847', '交通便利简约时尚，生活便利配套齐全，安全24小时守护', 1766, 2305, '整租'),
(9, '杭州', '', '舒适温馨大开间', 'http://vky-oss.inboyu.com/upload/39f24d53-7e8a-9d6a-6ed5-5693736d9e23.jpg', '杭州市解放路1号', '泊寓-α解放路店', '', '一室一厅一卫', 'http://vky-oss.inboyu.com/upload/39ec0b96-b3fd-5f26-b309-77de6c051230.jpg，http://vky-oss.inboyu.com/upload/39f15be0-5486-762b-b5c5-3538804134f4.jpg，http://vky-oss.inboyu.com/upload/39f15be3-ca74-a4b3-eb7b-c62d2ebbca3a.jpg，http://vky-oss.inboyu.com/upload/39ec0b94-423b-880f-b2bd-4b8a00284aba.jpg，http://vky-oss.inboyu.com/upload/39ec0b94-93bf-8ef4-09f4-0d5952872f0f.jpg，http://vky-oss.inboyu.com/upload/39ec0b94-e133-a859-7e23-92ac898dcd32.jpg', '34.72 m2', '15669068164', '城站地铁口，湖滨武林商圈，近邻钱江新城', 2444, 4444, '整租'),
(10, '杭州', '', '舒适温馨大开间', 'http://vky-oss.inboyu.com/upload/39ed74a4-b042-90b7-9e78-22051a141d8a.png', '杭州市解放路1号', '泊寓-α解放路店', '', '一室一厅一卫', 'http://vky-oss.inboyu.com/upload/39ec0b96-b3fd-5f26-b309-77de6c051230.jpg，http://vky-oss.inboyu.com/upload/39f15be0-5486-762b-b5c5-3538804134f4.jpg，http://vky-oss.inboyu.com/upload/39f15be3-ca74-a4b3-eb7b-c62d2ebbca3a.jpg，http://vky-oss.inboyu.com/upload/39ec0b94-423b-880f-b2bd-4b8a00284aba.jpg，http://vky-oss.inboyu.com/upload/39ec0b94-93bf-8ef4-09f4-0d5952872f0f.jpg，http://vky-oss.inboyu.com/upload/39ec0b94-e133-a859-7e23-92ac898dcd32.jpg', '44.55 m2', '15669068164', '城站地铁口，湖滨武林商圈，近邻钱江新城', 3889, 4444, '整租'),
(11, '杭州', '', '阳光品质大开间', 'http://vky-oss.inboyu.com/upload/39ed74a6-e6c6-c09f-f025-def8a67a4ee9.png', '杭州市解放路1号', '泊寓-α解放路店', '', '一室一厅一卫', 'http://vky-oss.inboyu.com/upload/39ec0b96-b3fd-5f26-b309-77de6c051230.jpg，http://vky-oss.inboyu.com/upload/39f15be0-5486-762b-b5c5-3538804134f4.jpg，http://vky-oss.inboyu.com/upload/39f15be3-ca74-a4b3-eb7b-c62d2ebbca3a.jpg，http://vky-oss.inboyu.com/upload/39ec0b94-423b-880f-b2bd-4b8a00284aba.jpg，http://vky-oss.inboyu.com/upload/39ec0b94-93bf-8ef4-09f4-0d5952872f0f.jpg，http://vky-oss.inboyu.com/upload/39ec0b94-e133-a859-7e23-92ac898dcd32.jpg', '49.32 m2', '15669068164', '城站地铁口，湖滨武林商圈，近邻钱江新城', 4333, 4778, '整租'),
(12, '广州', '', '电梯BAR厨房大单房', 'http://vky-oss.inboyu.com/upload/39eda8a4-01c1-1ce9-0e9b-ad6ad20b1edb.jpg', '广州市白云区899号远景大厦', '泊寓-三元里大道店', '', '一房一厨一卫', 'http://vky-oss.inboyu.com/upload/39ec0b96-b3fd-5f26-b309-77de6c051230.jpg，http://vky-oss.inboyu.com/upload/39f15be0-5486-762b-b5c5-3538804134f4.jpg，http://vky-oss.inboyu.com/upload/39f15be3-ca74-a4b3-eb7b-c62d2ebbca3a.jpg，http://vky-oss.inboyu.com/upload/39ec0b94-423b-880f-b2bd-4b8a00284aba.jpg，http://vky-oss.inboyu.com/upload/39ec0b94-93bf-8ef4-09f4-0d5952872f0f.jpg，http://vky-oss.inboyu.com/upload/39ec0b94-e133-a859-7e23-92ac898dcd32.jpg', '36.4 m2', '18664512871', '独立阳台大落地窗，独立厨房，独栋安全智能门禁', 2899, 3299, '整租'),
(13, '广州', '', '电梯大单房', 'http://vky-oss.inboyu.com/upload/39eade4b-ab27-f1a6-1664-67ccbb4bb3e1.jpg', '广州市白云区螺涌榕桂街东一巷13号万科泊寓；', '泊寓-罗冲围店', '', '大单间', 'http://vky-oss.inboyu.com/upload/39ec0b96-b3fd-5f26-b309-77de6c051230.jpg，http://vky-oss.inboyu.com/upload/39f15be0-5486-762b-b5c5-3538804134f4.jpg，http://vky-oss.inboyu.com/upload/39f15be3-ca74-a4b3-eb7b-c62d2ebbca3a.jpg，http://vky-oss.inboyu.com/upload/39ec0b94-423b-880f-b2bd-4b8a00284aba.jpg，http://vky-oss.inboyu.com/upload/39ec0b94-93bf-8ef4-09f4-0d5952872f0f.jpg，http://vky-oss.inboyu.com/upload/39ec0b94-e133-a859-7e23-92ac898dcd32.jpg', '29m2', '18664512773', '独栋公寓，专用电梯，洗烘一体洗衣机', 1799, 2499, '整租'),
(14, '广州', '', '电梯厨房大单房', 'http://vky-oss.inboyu.com/upload/39eb04b3-3c3f-78c0-212b-f59ea98a5f3e.jpg', '广州市白云区899号远景大厦', ' 泊寓-三元里大道店', '', '一房一厨一卫', 'http://vky-oss.inboyu.com/upload/39ec0b96-b3fd-5f26-b309-77de6c051230.jpg，http://vky-oss.inboyu.com/upload/39f15be0-5486-762b-b5c5-3538804134f4.jpg，http://vky-oss.inboyu.com/upload/39f15be3-ca74-a4b3-eb7b-c62d2ebbca3a.jpg，http://vky-oss.inboyu.com/upload/39ec0b94-423b-880f-b2bd-4b8a00284aba.jpg，http://vky-oss.inboyu.com/upload/39ec0b94-93bf-8ef4-09f4-0d5952872f0f.jpg，http://vky-oss.inboyu.com/upload/39ec0b94-e133-a859-7e23-92ac898dcd32.jpg', '36.4 m2', '18664512871', '独立阳台大落地窗，独立厨房，独栋安全智能门禁', 2499, 2799, '整租'),
(15, '南京', '', '城市奋斗小单间', 'http://vky-oss.inboyu.com/upload/39f25889-e46f-e384-7f30-71f29f04d4c3.png', '南京市鼓楼区中山北路311号 泊寓·萨家湾店', '泊寓-萨家湾店', '', '1房1厅1卫', 'http://vky-oss.inboyu.com/upload/39ec0b96-b3fd-5f26-b309-77de6c051230.jpg，http://vky-oss.inboyu.com/upload/39f15be0-5486-762b-b5c5-3538804134f4.jpg，http://vky-oss.inboyu.com/upload/39f15be3-ca74-a4b3-eb7b-c62d2ebbca3a.jpg，http://vky-oss.inboyu.com/upload/39ec0b94-423b-880f-b2bd-4b8a00284aba.jpg，http://vky-oss.inboyu.com/upload/39ec0b94-93bf-8ef4-09f4-0d5952872f0f.jpg，http://vky-oss.inboyu.com/upload/39ec0b94-e133-a859-7e23-92ac898dcd32.jpg', '15 - 23 m2', '13002546472', '', 1800, 2600, '整租'),
(16, '南京', '', '温馨LOFT', 'http://vky-oss.inboyu.com/upload/39f26ceb-3a25-4559-2d18-5da6589c8619.jpg', '浦口区滨江大道396号扬子江新金融创意街区17栋', '泊寓-滨江大道店', '', '1室1厅1卫', 'http://vky-oss.inboyu.com/upload/39ec0b96-b3fd-5f26-b309-77de6c051230.jpg，http://vky-oss.inboyu.com/upload/39f15be0-5486-762b-b5c5-3538804134f4.jpg，http://vky-oss.inboyu.com/upload/39f15be3-ca74-a4b3-eb7b-c62d2ebbca3a.jpg，http://vky-oss.inboyu.com/upload/39ec0b94-423b-880f-b2bd-4b8a00284aba.jpg，http://vky-oss.inboyu.com/upload/39ec0b94-93bf-8ef4-09f4-0d5952872f0f.jpg，http://vky-oss.inboyu.com/upload/39ec0b94-e133-a859-7e23-92ac898dcd32.jpg', '28 - 32 m2', '18549857091', '免租期', 1579, 2100, '整租'),
(17, '南京', '', '舒适LOFT', 'http://vky-oss.inboyu.com/upload/39f26c6c-7788-ae20-2c79-f883f7bc46c5.jpg', '浦口区滨江大道396号扬子江新金融创意街区17栋', '泊寓-滨江大道店', '', '1室1厅1卫', 'http://vky-oss.inboyu.com/upload/39ec0b96-b3fd-5f26-b309-77de6c051230.jpg，http://vky-oss.inboyu.com/upload/39f15be0-5486-762b-b5c5-3538804134f4.jpg，http://vky-oss.inboyu.com/upload/39f15be3-ca74-a4b3-eb7b-c62d2ebbca3a.jpg，http://vky-oss.inboyu.com/upload/39ec0b94-423b-880f-b2bd-4b8a00284aba.jpg，http://vky-oss.inboyu.com/upload/39ec0b94-93bf-8ef4-09f4-0d5952872f0f.jpg，http://vky-oss.inboyu.com/upload/39ec0b94-e133-a859-7e23-92ac898dcd32.jpg', '28 - 32 m2', '18549857091', '免租期', 1579, 2100, '整租'),
(18, '大连', '', '仲夏夜之梦', 'http://vky-oss.inboyu.com/upload/39e8c434-c3a5-4ef5-b46a-c7d9863bca32.jpg', '大连市甘井子区邻和园1号', '泊寓-城市之光店', '', '一房一卫', 'http://vky-oss.inboyu.com/upload/39ec0b96-b3fd-5f26-b309-77de6c051230.jpg，http://vky-oss.inboyu.com/upload/39f15be0-5486-762b-b5c5-3538804134f4.jpg，http://vky-oss.inboyu.com/upload/39f15be3-ca74-a4b3-eb7b-c62d2ebbca3a.jpg，http://vky-oss.inboyu.com/upload/39ec0b94-423b-880f-b2bd-4b8a00284aba.jpg，http://vky-oss.inboyu.com/upload/39ec0b94-93bf-8ef4-09f4-0d5952872f0f.jpg，http://vky-oss.inboyu.com/upload/39ec0b94-e133-a859-7e23-92ac898dcd32.jpg', '21.43 - 24.14 m2', '13043442249', '超低价，近地铁，精装修', 1530, 1647, '整租'),
(19, '大连', '', '乐享舒适', 'http://vky-oss.inboyu.com/upload/39ea09f5-62d6-48d1-41bf-5c92116cc871.png', '大连市中山区泊寓(三八广场店)', '泊寓-三八广场店', '', 'LOFT', 'http://vky-oss.inboyu.com/upload/39ec0b96-b3fd-5f26-b309-77de6c051230.jpg，http://vky-oss.inboyu.com/upload/39f15be0-5486-762b-b5c5-3538804134f4.jpg，http://vky-oss.inboyu.com/upload/39f15be3-ca74-a4b3-eb7b-c62d2ebbca3a.jpg，http://vky-oss.inboyu.com/upload/39ec0b94-423b-880f-b2bd-4b8a00284aba.jpg，http://vky-oss.inboyu.com/upload/39ec0b94-93bf-8ef4-09f4-0d5952872f0f.jpg，http://vky-oss.inboyu.com/upload/39ec0b94-e133-a859-7e23-92ac898dcd32.jpg', '30 - 45 m2', '13322218825', 'LOFT，商圈繁华，配套完善', 1850, 2450, '整租'),
(20, '大连', '', '小资情调', 'http://vky-oss.inboyu.com/upload/39ead2ee-4737-37ea-cb19-d5113f885542.jpg', '大连市高新园区泊寓(广贤路店)', '泊寓-广贤路店', '', '一室一卫', 'http://vky-oss.inboyu.com/upload/39ec0b96-b3fd-5f26-b309-77de6c051230.jpg，http://vky-oss.inboyu.com/upload/39f15be0-5486-762b-b5c5-3538804134f4.jpg，http://vky-oss.inboyu.com/upload/39f15be3-ca74-a4b3-eb7b-c62d2ebbca3a.jpg，http://vky-oss.inboyu.com/upload/39ec0b94-423b-880f-b2bd-4b8a00284aba.jpg，http://vky-oss.inboyu.com/upload/39ec0b94-93bf-8ef4-09f4-0d5952872f0f.jpg，http://vky-oss.inboyu.com/upload/39ec0b94-e133-a859-7e23-92ac898dcd32.jpg', '30 - 43.5m2', '13043447554', '青年公寓，精装修拎包入住，丰富的社群活动', 1244, 1716, '整租'),
(21, '福州', '', '温馨阳台房', 'http://vky-oss.inboyu.com/upload/39f25335-cb8f-8134-f649-5b1b152e444b.jpg', '福州市仓山区福州市仓山区盖山镇东兴村民委员会', '泊寓-奥体二店', '', '一房一卫', 'http://vky-oss.inboyu.com/upload/39ec0b96-b3fd-5f26-b309-77de6c051230.jpg，http://vky-oss.inboyu.com/upload/39f15be0-5486-762b-b5c5-3538804134f4.jpg，http://vky-oss.inboyu.com/upload/39f15be3-ca74-a4b3-eb7b-c62d2ebbca3a.jpg，http://vky-oss.inboyu.com/upload/39ec0b94-423b-880f-b2bd-4b8a00284aba.jpg，http://vky-oss.inboyu.com/upload/39ec0b94-93bf-8ef4-09f4-0d5952872f0f.jpg，http://vky-oss.inboyu.com/upload/39ec0b94-e133-a859-7e23-92ac898dcd32.jpg', '12 - 24 m2', '13110898734', '', 1000, 1723, '整租'),
(22, '福州', '', '清晰小复式', 'http://vky-oss.inboyu.com/upload/39ead891-df4e-a523-fa6e-1d9074f728cb.jpg', '福州市台江区西二环路32号3-5号楼', '泊寓-万象店', '', '1房1卫', 'http://vky-oss.inboyu.com/upload/39ec0b96-b3fd-5f26-b309-77de6c051230.jpg，http://vky-oss.inboyu.com/upload/39f15be0-5486-762b-b5c5-3538804134f4.jpg，http://vky-oss.inboyu.com/upload/39f15be3-ca74-a4b3-eb7b-c62d2ebbca3a.jpg，http://vky-oss.inboyu.com/upload/39ec0b94-423b-880f-b2bd-4b8a00284aba.jpg，http://vky-oss.inboyu.com/upload/39ec0b94-93bf-8ef4-09f4-0d5952872f0f.jpg，http://vky-oss.inboyu.com/upload/39ec0b94-e133-a859-7e23-92ac898dcd32.jpg', '33.06 - 38.2 m2', '13115915034', '超大公区，宠物主题公寓，资源共享型社区', 1691, 2692, '整租'),
(23, '福州', '', '飘窗房', 'http://vky-oss.inboyu.com/upload/39f2533a-b153-deeb-0361-7fb7bfa63101.jpg', '福州市仓山区福州市仓山区盖山镇东兴村民委员会', '泊寓-奥体二店', '', '一房一卫', 'http://vky-oss.inboyu.com/upload/39ec0b96-b3fd-5f26-b309-77de6c051230.jpg，http://vky-oss.inboyu.com/upload/39f15be0-5486-762b-b5c5-3538804134f4.jpg，http://vky-oss.inboyu.com/upload/39f15be3-ca74-a4b3-eb7b-c62d2ebbca3a.jpg，http://vky-oss.inboyu.com/upload/39ec0b94-423b-880f-b2bd-4b8a00284aba.jpg，http://vky-oss.inboyu.com/upload/39ec0b94-93bf-8ef4-09f4-0d5952872f0f.jpg，http://vky-oss.inboyu.com/upload/39ec0b94-e133-a859-7e23-92ac898dcd32.jpg', '11 - 19 m2', '13110898734', '', 1000, 1667, ' 整租'),
(24, '合肥', '', '精致单间', 'http://vky-oss.inboyu.com/upload/39e8b023-6dcd-b90d-f539-188decea6bd9.jpg', '合肥市滨湖新区庐州大道与扬子江路交叉口滨湖会展中心站B出口对面', '泊寓-时代之光店', '', '单房', 'http://vky-oss.inboyu.com/upload/39ec0b96-b3fd-5f26-b309-77de6c051230.jpg，http://vky-oss.inboyu.com/upload/39f15be0-5486-762b-b5c5-3538804134f4.jpg，http://vky-oss.inboyu.com/upload/39f15be3-ca74-a4b3-eb7b-c62d2ebbca3a.jpg，http://vky-oss.inboyu.com/upload/39ec0b94-423b-880f-b2bd-4b8a00284aba.jpg，http://vky-oss.inboyu.com/upload/39ec0b94-93bf-8ef4-09f4-0d5952872f0f.jpg，http://vky-oss.inboyu.com/upload/39ec0b94-e133-a859-7e23-92ac898dcd32.jpg', '41.27 - 46.58 m2', '13045514420', '地铁上盖，共享公区，精彩社群', 1488, 1850, '整租'),
(25, '合肥', '', '一房一厅带厨房01', 'http://vky-oss.inboyu.com/upload/39e8b02f-443c-47fe-fa9b-6ca2d2142a9c.jpg', '合肥市滨湖新区庐州大道与扬子江路交叉口滨湖会展中心站B出口对面', '泊寓-时代之光店', '', '一房一厅', 'http://vky-oss.inboyu.com/upload/39ec0b96-b3fd-5f26-b309-77de6c051230.jpg，http://vky-oss.inboyu.com/upload/39f15be0-5486-762b-b5c5-3538804134f4.jpg，http://vky-oss.inboyu.com/upload/39f15be3-ca74-a4b3-eb7b-c62d2ebbca3a.jpg，http://vky-oss.inboyu.com/upload/39ec0b94-423b-880f-b2bd-4b8a00284aba.jpg，http://vky-oss.inboyu.com/upload/39ec0b94-93bf-8ef4-09f4-0d5952872f0f.jpg，http://vky-oss.inboyu.com/upload/39ec0b94-e133-a859-7e23-92ac898dcd32.jpg', '89.84 m2', '13045514420', '地铁上盖，共享公区，精彩社群', 1688, 2866, '整租'),
(26, '合肥', '', '品质单间', 'http://vky-oss.inboyu.com/upload/39e8ab0a-767b-cb83-b135-48f22a4ee02e.jpg', '合肥市滨湖新区庐州大道与扬子江路交叉口滨湖会展中心站B出口对面', '泊寓-时代之光店', '', '单房', 'http://vky-oss.inboyu.com/upload/39ec0b96-b3fd-5f26-b309-77de6c051230.jpg，http://vky-oss.inboyu.com/upload/39f15be0-5486-762b-b5c5-3538804134f4.jpg，http://vky-oss.inboyu.com/upload/39f15be3-ca74-a4b3-eb7b-c62d2ebbca3a.jpg，http://vky-oss.inboyu.com/upload/39ec0b94-423b-880f-b2bd-4b8a00284aba.jpg，http://vky-oss.inboyu.com/upload/39ec0b94-93bf-8ef4-09f4-0d5952872f0f.jpg，http://vky-oss.inboyu.com/upload/39ec0b94-e133-a859-7e23-92ac898dcd32.jpg', '34.54 m2', '13045514420', '地铁上盖，共享公区，精彩社群', 1650, 1728, '整租'),
(27, '济南', '', '一室一卫02户型', 'http://vky-oss.inboyu.com/upload/39f3a20c-bd4e-6ab8-cf28-485ab421ceea.jpg', '济南市槐荫区泰安路辅路/清源路(路口)', '泊寓-西城社区店', '', '平层', 'http://vky-oss.inboyu.com/upload/39ec0b96-b3fd-5f26-b309-77de6c051230.jpg，http://vky-oss.inboyu.com/upload/39f15be0-5486-762b-b5c5-3538804134f4.jpg，http://vky-oss.inboyu.com/upload/39f15be3-ca74-a4b3-eb7b-c62d2ebbca3a.jpg，http://vky-oss.inboyu.com/upload/39ec0b94-423b-880f-b2bd-4b8a00284aba.jpg，http://vky-oss.inboyu.com/upload/39ec0b94-93bf-8ef4-09f4-0d5952872f0f.jpg，http://vky-oss.inboyu.com/upload/39ec0b94-e133-a859-7e23-92ac898dcd32.jpg', '19.72 - 40.56 m2', '18514020443', '温馨家庭式公寓，潮派青年，青年优选', 726, 1388, '整租'),
(28, '济南', '', '一室一卫03户型', 'http://vky-oss.inboyu.com/upload/39f3a213-f462-71b0-7acf-0bee702c0cc1.jpg', '济南市槐荫区泰安路辅路/清源路(路口)', '泊寓-西城社区店', '', '平层', 'http://vky-oss.inboyu.com/upload/39ec0b96-b3fd-5f26-b309-77de6c051230.jpg，http://vky-oss.inboyu.com/upload/39f15be0-5486-762b-b5c5-3538804134f4.jpg，http://vky-oss.inboyu.com/upload/39f15be3-ca74-a4b3-eb7b-c62d2ebbca3a.jpg，http://vky-oss.inboyu.com/upload/39ec0b94-423b-880f-b2bd-4b8a00284aba.jpg，http://vky-oss.inboyu.com/upload/39ec0b94-93bf-8ef4-09f4-0d5952872f0f.jpg，http://vky-oss.inboyu.com/upload/39ec0b94-e133-a859-7e23-92ac898dcd32.jpg', '26.19 - 40.56 m2', '18514020443', '温馨家庭式公寓，潮派青年，青年优选', 876, 1458, '整租'),
(29, '济南', '', '一室一卫01户型', 'http://vky-oss.inboyu.com/upload/39f3a21b-1678-aeec-d7f1-5533ff705cde.jpg', '济南市槐荫区泰安路辅路/清源路(路口)', '泊寓-西城社区店', '', '单房', 'http://vky-oss.inboyu.com/upload/39ec0b96-b3fd-5f26-b309-77de6c051230.jpg，http://vky-oss.inboyu.com/upload/39f15be0-5486-762b-b5c5-3538804134f4.jpg，http://vky-oss.inboyu.com/upload/39f15be3-ca74-a4b3-eb7b-c62d2ebbca3a.jpg，http://vky-oss.inboyu.com/upload/39ec0b94-423b-880f-b2bd-4b8a00284aba.jpg，http://vky-oss.inboyu.com/upload/39ec0b94-93bf-8ef4-09f4-0d5952872f0f.jpg，http://vky-oss.inboyu.com/upload/39ec0b94-e133-a859-7e23-92ac898dcd32.jpg', '21.31 - 39.1 m2', '18514020443', '温馨家庭式公寓，潮派青年，青年优选', 720, 1458, '整租'),
(30, '苏州', '', '家庭生活房', 'http://vky-oss.inboyu.com/upload/39e96148-b067-fdf9-4737-771c8af42178.jpg', '江苏省苏州市珠江南路221号枫江集宿5#号楼', '泊寓-枫江创智店', '', '一室一厅一卫', 'http://vky-oss.inboyu.com/upload/39ec0b96-b3fd-5f26-b309-77de6c051230.jpg，http://vky-oss.inboyu.com/upload/39f15be0-5486-762b-b5c5-3538804134f4.jpg，http://vky-oss.inboyu.com/upload/39f15be3-ca74-a4b3-eb7b-c62d2ebbca3a.jpg，http://vky-oss.inboyu.com/upload/39ec0b94-423b-880f-b2bd-4b8a00284aba.jpg，http://vky-oss.inboyu.com/upload/39ec0b94-93bf-8ef4-09f4-0d5952872f0f.jpg，http://vky-oss.inboyu.com/upload/39ec0b94-e133-a859-7e23-92ac898dcd32.jpg', '30 - 32 m2', '15658023479', '40平精装修，阳台独卫厨房，南北通透', 2219, 2267, '整租'),
(31, '苏州', '', '商务带阳台一室一厅', 'http://vky-oss.inboyu.com/upload/39eaf5a6-bd40-41da-f743-6ba1788d30d3.jpg', '苏州市苏州工业园区葑亭大道608号', '泊寓-葑亭大道店', '', '一室一厅', 'http://vky-oss.inboyu.com/upload/39ec0b96-b3fd-5f26-b309-77de6c051230.jpg，http://vky-oss.inboyu.com/upload/39f15be0-5486-762b-b5c5-3538804134f4.jpg，http://vky-oss.inboyu.com/upload/39f15be3-ca74-a4b3-eb7b-c62d2ebbca3a.jpg，http://vky-oss.inboyu.com/upload/39ec0b94-423b-880f-b2bd-4b8a00284aba.jpg，http://vky-oss.inboyu.com/upload/39ec0b94-93bf-8ef4-09f4-0d5952872f0f.jpg，http://vky-oss.inboyu.com/upload/39ec0b94-e133-a859-7e23-92ac898dcd32.jpg', '30 - 35 m2', '15370332588', '地铁3号线，多条公交线路，品牌精装公寓', 2156, 2464, '整租'),
(32, '苏州', '', '安静大窗小单房', 'http://vky-oss.inboyu.com/upload/39e82b7e-6a92-1a1b-55fb-7108119164b5.jpg', '苏州市姑苏区新市路282号', '泊寓-盘门店', '', '一房一厅', 'http://vky-oss.inboyu.com/upload/39ec0b96-b3fd-5f26-b309-77de6c051230.jpg，http://vky-oss.inboyu.com/upload/39f15be0-5486-762b-b5c5-3538804134f4.jpg，http://vky-oss.inboyu.com/upload/39f15be3-ca74-a4b3-eb7b-c62d2ebbca3a.jpg，http://vky-oss.inboyu.com/upload/39ec0b94-423b-880f-b2bd-4b8a00284aba.jpg，http://vky-oss.inboyu.com/upload/39ec0b94-93bf-8ef4-09f4-0d5952872f0f.jpg，http://vky-oss.inboyu.com/upload/39ec0b94-e133-a859-7e23-92ac898dcd32.jpg', '21.76 - 22.76 m2', '15658023445', '', 1406, 1538, '整租'),
(33, '青岛', '', '精致大床房', 'http://vky-oss.inboyu.com/upload/39e76709-02ae-35df-8030-db3f06e39a34.jpg', '青岛市城阳区春城路171号', '泊寓-魅力店', '', '大床房', 'http://vky-oss.inboyu.com/upload/39ec0b96-b3fd-5f26-b309-77de6c051230.jpg，http://vky-oss.inboyu.com/upload/39f15be0-5486-762b-b5c5-3538804134f4.jpg，http://vky-oss.inboyu.com/upload/39f15be3-ca74-a4b3-eb7b-c62d2ebbca3a.jpg，http://vky-oss.inboyu.com/upload/39ec0b94-423b-880f-b2bd-4b8a00284aba.jpg，http://vky-oss.inboyu.com/upload/39ec0b94-93bf-8ef4-09f4-0d5952872f0f.jpg，http://vky-oss.inboyu.com/upload/39ec0b94-e133-a859-7e23-92ac898dcd32.jpg', '25.93 - 91.07 m2', '15192604472', '', 1350, 2400, '整租'),
(34, '青岛', '', '温暖の小窝', 'http://vky-oss.inboyu.com/upload/39f12919-ab12-9780-d980-cea51159026f.jpeg', '青岛市市北区阜新路33号', '泊寓-人民路店', '', '一室一卫', 'http://vky-oss.inboyu.com/upload/39ec0b96-b3fd-5f26-b309-77de6c051230.jpg，http://vky-oss.inboyu.com/upload/39f15be0-5486-762b-b5c5-3538804134f4.jpg，http://vky-oss.inboyu.com/upload/39f15be3-ca74-a4b3-eb7b-c62d2ebbca3a.jpg，http://vky-oss.inboyu.com/upload/39ec0b94-423b-880f-b2bd-4b8a00284aba.jpg，http://vky-oss.inboyu.com/upload/39ec0b94-93bf-8ef4-09f4-0d5952872f0f.jpg，http://vky-oss.inboyu.com/upload/39ec0b94-e133-a859-7e23-92ac898dcd32.jpg', '17.25 - 38.11 m2', '15192604945', '时光，回忆，青年聚集地', 1290, 1790, '整租'),
(35, '青岛', '', '时尚青年', 'http://vky-oss.inboyu.com/upload/39f2723f-585b-ec02-df31-9cfb5aaa2ebb.jpg', '青岛市市南区中山路149号', '泊寓-中山路店', '', '一室一卫', 'http://vky-oss.inboyu.com/upload/39ec0b96-b3fd-5f26-b309-77de6c051230.jpg，http://vky-oss.inboyu.com/upload/39f15be0-5486-762b-b5c5-3538804134f4.jpg，http://vky-oss.inboyu.com/upload/39f15be3-ca74-a4b3-eb7b-c62d2ebbca3a.jpg，http://vky-oss.inboyu.com/upload/39ec0b94-423b-880f-b2bd-4b8a00284aba.jpg，http://vky-oss.inboyu.com/upload/39ec0b94-93bf-8ef4-09f4-0d5952872f0f.jpg，http://vky-oss.inboyu.com/upload/39ec0b94-e133-a859-7e23-92ac898dcd32.jpg', '22.65 - 48.45 m2', '15192604408', '', 1368, 1898, '整租'),
(36, '天津', '', '毕业生小开间01', 'http://vky-oss.inboyu.com/upload/39eccb36-3a63-664b-379f-05ce299c60dd.jpg', '天津市东丽区松江津滨置地广场', '泊寓-津滨大道二店', '', '单房', 'http://vky-oss.inboyu.com/upload/39ec0b96-b3fd-5f26-b309-77de6c051230.jpg，http://vky-oss.inboyu.com/upload/39f15be0-5486-762b-b5c5-3538804134f4.jpg，http://vky-oss.inboyu.com/upload/39f15be3-ca74-a4b3-eb7b-c62d2ebbca3a.jpg，http://vky-oss.inboyu.com/upload/39ec0b94-423b-880f-b2bd-4b8a00284aba.jpg，http://vky-oss.inboyu.com/upload/39ec0b94-93bf-8ef4-09f4-0d5952872f0f.jpg，http://vky-oss.inboyu.com/upload/39ec0b94-e133-a859-7e23-92ac898dcd32.jpg', '27.71 - 30.23 m2', '18518340141', 'A户型，大落地窗，实用舒适', 1099, 1200, '整租'),
(37, '天津', '', '高性价比小开间', 'http://vky-oss.inboyu.com/upload/39ec4ab1-d779-c07e-4e91-d90e3985f720.jpg', '天津市河西区花样年美年广场泊寓-新八大里店', ' 泊寓-新八大里店', '', '小开间', 'http://vky-oss.inboyu.com/upload/39ec0b96-b3fd-5f26-b309-77de6c051230.jpg，http://vky-oss.inboyu.com/upload/39f15be0-5486-762b-b5c5-3538804134f4.jpg，http://vky-oss.inboyu.com/upload/39f15be3-ca74-a4b3-eb7b-c62d2ebbca3a.jpg，http://vky-oss.inboyu.com/upload/39ec0b94-423b-880f-b2bd-4b8a00284aba.jpg，http://vky-oss.inboyu.com/upload/39ec0b94-93bf-8ef4-09f4-0d5952872f0f.jpg，http://vky-oss.inboyu.com/upload/39ec0b94-e133-a859-7e23-92ac898dcd32.jpg', '25.66 m2', '18612615455', '', 1403, 1625, '整租'),
(38, '天津', '', '朝南带落地窗', 'http://vky-oss.inboyu.com/upload/39f6390c-8ac3-d28f-a542-ac6af9640f2d.jpg', '天津市西青区东第万科广场', '泊寓-东第店', '', '一室一卫', 'http://vky-oss.inboyu.com/upload/39ec0b96-b3fd-5f26-b309-77de6c051230.jpg，http://vky-oss.inboyu.com/upload/39f15be0-5486-762b-b5c5-3538804134f4.jpg，http://vky-oss.inboyu.com/upload/39f15be3-ca74-a4b3-eb7b-c62d2ebbca3a.jpg，http://vky-oss.inboyu.com/upload/39ec0b94-423b-880f-b2bd-4b8a00284aba.jpg，http://vky-oss.inboyu.com/upload/39ec0b94-93bf-8ef4-09f4-0d5952872f0f.jpg，http://vky-oss.inboyu.com/upload/39ec0b94-e133-a859-7e23-92ac898dcd32.jpg', '23 - 33 m2', '18612806438', '', 1678, 2048, '整租'),
(39, '无锡', '', '经济适用标准单间', 'http://vky-oss.inboyu.com/upload/39e982ce-ae74-753b-8044-9ecc19fcdbde.jpg', '无锡市新吴区泊寓（太科园店）', '泊寓-太科园店', '', '一室', 'http://vky-oss.inboyu.com/upload/39ec0b96-b3fd-5f26-b309-77de6c051230.jpg，http://vky-oss.inboyu.com/upload/39f15be0-5486-762b-b5c5-3538804134f4.jpg，http://vky-oss.inboyu.com/upload/39f15be3-ca74-a4b3-eb7b-c62d2ebbca3a.jpg，http://vky-oss.inboyu.com/upload/39ec0b94-423b-880f-b2bd-4b8a00284aba.jpg，http://vky-oss.inboyu.com/upload/39ec0b94-93bf-8ef4-09f4-0d5952872f0f.jpg，http://vky-oss.inboyu.com/upload/39ec0b94-e133-a859-7e23-92ac898dcd32.jpg', '19.5 - 30.5 m2', '13182767643', '青年社区，精致装修，超短通勤', 1368, 1782, '整租'),
(40, '无锡', '', '蓝调小资精致单间', 'http://vky-oss.inboyu.com/upload/39e982ca-9201-44d6-d315-2f10ccf03c3c.jpg', '无锡市新吴区泊寓（太科园店）', '泊寓-太科园店', '', '一室一厅', 'http://vky-oss.inboyu.com/upload/39ec0b96-b3fd-5f26-b309-77de6c051230.jpg，http://vky-oss.inboyu.com/upload/39f15be0-5486-762b-b5c5-3538804134f4.jpg，http://vky-oss.inboyu.com/upload/39f15be3-ca74-a4b3-eb7b-c62d2ebbca3a.jpg，http://vky-oss.inboyu.com/upload/39ec0b94-423b-880f-b2bd-4b8a00284aba.jpg，http://vky-oss.inboyu.com/upload/39ec0b94-93bf-8ef4-09f4-0d5952872f0f.jpg，http://vky-oss.inboyu.com/upload/39ec0b94-e133-a859-7e23-92ac898dcd32.jpg', '24.4 - 25.7 m2', '13182767643', '青年社区，精致装修，超短通勤', 1251, 1809, '整租'),
(41, '厦门', '', '城市青年奋斗小开间', 'http://vky-oss.inboyu.com/upload/39ef8387-93b2-d432-33d9-ba9acff9f71b.jpg', '厦门市湖里区湖里街北片192/194#', '泊寓-湖里步行街店', '', '一房', 'http://vky-oss.inboyu.com/upload/39ec0b96-b3fd-5f26-b309-77de6c051230.jpg，http://vky-oss.inboyu.com/upload/39f15be0-5486-762b-b5c5-3538804134f4.jpg，http://vky-oss.inboyu.com/upload/39f15be3-ca74-a4b3-eb7b-c62d2ebbca3a.jpg，http://vky-oss.inboyu.com/upload/39ec0b94-423b-880f-b2bd-4b8a00284aba.jpg，http://vky-oss.inboyu.com/upload/39ec0b94-93bf-8ef4-09f4-0d5952872f0f.jpg，http://vky-oss.inboyu.com/upload/39ec0b94-e133-a859-7e23-92ac898dcd32.jpg', '18.38 - 30.26 m2', '18150085255', '', 400, 1430, '整租'),
(42, '厦门', '', '单房带上下铺', 'http://vky-oss.inboyu.com/upload/39ef832e-c42f-7fda-cdf0-1075b58272f1.jpg', '厦门市湖里区湖里街南片-23号楼', '泊寓-长岸店', '', '单房', 'http://vky-oss.inboyu.com/upload/39ec0b96-b3fd-5f26-b309-77de6c051230.jpg，http://vky-oss.inboyu.com/upload/39f15be0-5486-762b-b5c5-3538804134f4.jpg，http://vky-oss.inboyu.com/upload/39f15be3-ca74-a4b3-eb7b-c62d2ebbca3a.jpg，http://vky-oss.inboyu.com/upload/39ec0b94-423b-880f-b2bd-4b8a00284aba.jpg，http://vky-oss.inboyu.com/upload/39ec0b94-93bf-8ef4-09f4-0d5952872f0f.jpg，http://vky-oss.inboyu.com/upload/39ec0b94-e133-a859-7e23-92ac898dcd32.jpg', '18.1 - 25.8 m2', '13101434393', '泊寓，青年，长租公寓', 728, 1800, '整租'),
(43, '厦门', '', '城市青年奋斗小开间', 'http://vky-oss.inboyu.com/upload/39f3e955-1653-5bd4-d286-41642a2b2135.jpg', '厦门市湖里区湖里街南片-23号楼', '泊寓-长岸店', '', '单房', 'http://vky-oss.inboyu.com/upload/39ec0b96-b3fd-5f26-b309-77de6c051230.jpg，http://vky-oss.inboyu.com/upload/39f15be0-5486-762b-b5c5-3538804134f4.jpg，http://vky-oss.inboyu.com/upload/39f15be3-ca74-a4b3-eb7b-c62d2ebbca3a.jpg，http://vky-oss.inboyu.com/upload/39ec0b94-423b-880f-b2bd-4b8a00284aba.jpg，http://vky-oss.inboyu.com/upload/39ec0b94-93bf-8ef4-09f4-0d5952872f0f.jpg，http://vky-oss.inboyu.com/upload/39ec0b94-e133-a859-7e23-92ac898dcd32.jpg', '15.57 - 24 m2', '13101434393', '泊寓，青年，长租公寓', 500, 1509, '整租'),
(44, '烟台', '', '精致小开间', 'http://vky-oss.inboyu.com/upload/39eafac5-cd3f-a280-0ae8-b35e77309e08.jpg', '烟台市莱山区春晖路-道路', '泊寓-春晖路店', '', '一室一厅', 'http://vky-oss.inboyu.com/upload/39ec0b96-b3fd-5f26-b309-77de6c051230.jpg，http://vky-oss.inboyu.com/upload/39f15be0-5486-762b-b5c5-3538804134f4.jpg，http://vky-oss.inboyu.com/upload/39f15be3-ca74-a4b3-eb7b-c62d2ebbca3a.jpg，http://vky-oss.inboyu.com/upload/39ec0b94-423b-880f-b2bd-4b8a00284aba.jpg，http://vky-oss.inboyu.com/upload/39ec0b94-93bf-8ef4-09f4-0d5952872f0f.jpg，http://vky-oss.inboyu.com/upload/39ec0b94-e133-a859-7e23-92ac898dcd32.jpg', '18.3 - 19.6 m2', '18364522740', '万科品牌公寓，非中介，拎包入住', 1099, 1299, '整租'),
(45, '烟台', '', '精致loft', 'http://vky-oss.inboyu.com/upload/39eafae5-c73e-0141-8c2e-b38ca6f2a5a8.jpg', '烟台市莱山区春晖路-道路', '泊寓-春晖路店', '', 'LOFT', 'http://vky-oss.inboyu.com/upload/39ec0b96-b3fd-5f26-b309-77de6c051230.jpg，http://vky-oss.inboyu.com/upload/39f15be0-5486-762b-b5c5-3538804134f4.jpg，http://vky-oss.inboyu.com/upload/39f15be3-ca74-a4b3-eb7b-c62d2ebbca3a.jpg，http://vky-oss.inboyu.com/upload/39ec0b94-423b-880f-b2bd-4b8a00284aba.jpg，http://vky-oss.inboyu.com/upload/39ec0b94-93bf-8ef4-09f4-0d5952872f0f.jpg，http://vky-oss.inboyu.com/upload/39ec0b94-e133-a859-7e23-92ac898dcd32.jpg', '19.3 - 27.7 m2', '18364522740', '万科品牌公寓，非中介，拎包入住', 1299, 1499, '整租'),
(46, '烟台', '', '精致大开间', 'http://vky-oss.inboyu.com/upload/39eafab4-aff2-7696-6bc4-416bf60c5afa.jpg', '烟台市莱山区春晖路-道路', '泊寓-春晖路店', '', '一室一厅', 'http://vky-oss.inboyu.com/upload/39ec0b96-b3fd-5f26-b309-77de6c051230.jpg，http://vky-oss.inboyu.com/upload/39f15be0-5486-762b-b5c5-3538804134f4.jpg，http://vky-oss.inboyu.com/upload/39f15be3-ca74-a4b3-eb7b-c62d2ebbca3a.jpg，http://vky-oss.inboyu.com/upload/39ec0b94-423b-880f-b2bd-4b8a00284aba.jpg，http://vky-oss.inboyu.com/upload/39ec0b94-93bf-8ef4-09f4-0d5952872f0f.jpg，http://vky-oss.inboyu.com/upload/39ec0b94-e133-a859-7e23-92ac898dcd32.jpg', '21 - 33 m2', '18364522740', '万科品牌公寓，非中介，拎包入住', 1299, 1499, '整租'),
(47, '珠海', '', '超强收纳Loft', 'http://vky-oss.inboyu.com/upload/39eacec9-a91b-50d5-a031-62c9e599c1fa.jpg', '珠海市香洲区敬业路51号创想公社店', '泊寓-创想公社店', '', '复式单间', 'http://vky-oss.inboyu.com/upload/39ec0b96-b3fd-5f26-b309-77de6c051230.jpg，http://vky-oss.inboyu.com/upload/39f15be0-5486-762b-b5c5-3538804134f4.jpg，http://vky-oss.inboyu.com/upload/39f15be3-ca74-a4b3-eb7b-c62d2ebbca3a.jpg，http://vky-oss.inboyu.com/upload/39ec0b94-423b-880f-b2bd-4b8a00284aba.jpg，http://vky-oss.inboyu.com/upload/39ec0b94-93bf-8ef4-09f4-0d5952872f0f.jpg，http://vky-oss.inboyu.com/upload/39ec0b94-e133-a859-7e23-92ac898dcd32.jpg', '24.82 - 35.29 m2', '18818649071', '新香洲，市中心，多户型选择', 2249, 2449, '整租'),
(48, '珠海', '', '醇享生活房', 'http://vky-oss.inboyu.com/upload/39f89c02-580f-c30f-ee7a-4bb530fc7628.jpg', '珠海市香洲区横琴新区向阳村86号楼', '泊寓-横琴向阳店', '', '平层单间30~41㎡', 'http://vky-oss.inboyu.com/upload/39ec0b96-b3fd-5f26-b309-77de6c051230.jpg，http://vky-oss.inboyu.com/upload/39f15be0-5486-762b-b5c5-3538804134f4.jpg，http://vky-oss.inboyu.com/upload/39f15be3-ca74-a4b3-eb7b-c62d2ebbca3a.jpg，http://vky-oss.inboyu.com/upload/39ec0b94-423b-880f-b2bd-4b8a00284aba.jpg，http://vky-oss.inboyu.com/upload/39ec0b94-93bf-8ef4-09f4-0d5952872f0f.jpg，http://vky-oss.inboyu.com/upload/39ec0b94-e133-a859-7e23-92ac898dcd32.jpg', '27 - 41 m2', '18818649086', '临近中医药产业园，安全舒适，房源低价', 691, 941, '整租'),
(49, '珠海', '', '温馨阳台小单间', 'http://vky-oss.inboyu.com/upload/39f25c98-8104-e3a4-bb8a-cbe1e4490004.jpg', '珠海市香洲区敬业路51号创想公社店', '泊寓-创想公社店', '', '平层小单间', 'http://vky-oss.inboyu.com/upload/39ec0b96-b3fd-5f26-b309-77de6c051230.jpg，http://vky-oss.inboyu.com/upload/39f15be0-5486-762b-b5c5-3538804134f4.jpg，http://vky-oss.inboyu.com/upload/39f15be3-ca74-a4b3-eb7b-c62d2ebbca3a.jpg，http://vky-oss.inboyu.com/upload/39ec0b94-423b-880f-b2bd-4b8a00284aba.jpg，http://vky-oss.inboyu.com/upload/39ec0b94-93bf-8ef4-09f4-0d5952872f0f.jpg，http://vky-oss.inboyu.com/upload/39ec0b94-e133-a859-7e23-92ac898dcd32.jpg', '18.5 - 36.38 m2', '18818649071', '新香洲，市中心，多户型选择', 1499, 2449, '整租'),
(50, '上海', '', '性价比超高B户型', 'http://vky-oss.inboyu.com/upload/39eaf0e4-b02f-f6da-9775-20a4465e7fad.jpg', '上海市闵行区繁兴路99号', '泊寓-虹桥国展店', '', '一室一卫', 'http://vky-oss.inboyu.com/upload/39ec0b96-b3fd-5f26-b309-77de6c051230.jpg，http://vky-oss.inboyu.com/upload/39f15be0-5486-762b-b5c5-3538804134f4.jpg，http://vky-oss.inboyu.com/upload/39f15be3-ca74-a4b3-eb7b-c62d2ebbca3a.jpg，http://vky-oss.inboyu.com/upload/39ec0b94-423b-880f-b2bd-4b8a00284aba.jpg，http://vky-oss.inboyu.com/upload/39ec0b94-93bf-8ef4-09f4-0d5952872f0f.jpg，http://vky-oss.inboyu.com/upload/39ec0b94-e133-a859-7e23-92ac898dcd32.jpg', '26 - 32 m2', '13044111303', '', 2890, 4390, '整租'),
(51, '上海', '', '朝南开间', 'http://vky-oss.inboyu.com/upload/39f27d1b-4b5e-fdac-2379-eb5c1039eead.jpg', '上海市闵行区疏影路1366号', '泊寓-莘庄疏影店', '', '一室户', 'http://vky-oss.inboyu.com/upload/39ec0b96-b3fd-5f26-b309-77de6c051230.jpg，http://vky-oss.inboyu.com/upload/39f15be0-5486-762b-b5c5-3538804134f4.jpg，http://vky-oss.inboyu.com/upload/39f15be3-ca74-a4b3-eb7b-c62d2ebbca3a.jpg，http://vky-oss.inboyu.com/upload/39ec0b94-423b-880f-b2bd-4b8a00284aba.jpg，http://vky-oss.inboyu.com/upload/39ec0b94-93bf-8ef4-09f4-0d5952872f0f.jpg，http://vky-oss.inboyu.com/upload/39ec0b94-e133-a859-7e23-92ac898dcd32.jpg', '13.5 - 25 m2', '13044110361', '长租优惠，可办居住证', 2000, 4800, '整租'),
(52, '上海', '', '宽敞舒适大单间', 'http://vky-oss.inboyu.com/upload/39f27d1d-3209-e094-e651-7f8034b78e18.jpg', '上海市闵行区疏影路1366号', '泊寓-莘庄疏影店', '', '一室户', 'http://vky-oss.inboyu.com/upload/39ec0b96-b3fd-5f26-b309-77de6c051230.jpg，http://vky-oss.inboyu.com/upload/39f15be0-5486-762b-b5c5-3538804134f4.jpg，http://vky-oss.inboyu.com/upload/39f15be3-ca74-a4b3-eb7b-c62d2ebbca3a.jpg，http://vky-oss.inboyu.com/upload/39ec0b94-423b-880f-b2bd-4b8a00284aba.jpg，http://vky-oss.inboyu.com/upload/39ec0b94-93bf-8ef4-09f4-0d5952872f0f.jpg，http://vky-oss.inboyu.com/upload/39ec0b94-e133-a859-7e23-92ac898dcd32.jpg', '14 - 21 m2', '13044110361', '长租优惠，可办居住证', 2100, 3200, '整租'),
(53, '北京', '丰台区', '品质小开间 · 泊寓|院儿-成寿寺社区', 'http://vky-oss.inboyu.com/upload/39f4d78b-5fa6-7952-872b-bc807d1a7d86.jpg?x-oss-process=image/resize,w_240,h_180', '北京市丰台区南三环方庄桥南泊寓成寿寺社区，1号楼3层', '泊寓|院儿-成寿寺社区', '', '开间', 'http://vky-oss.inboyu.com/upload/39ec0b96-b3fd-5f26-b309-77de6c051230.jpg，http://vky-oss.inboyu.com/upload/39f15be0-5486-762b-b5c5-3538804134f4.jpg，http://vky-oss.inboyu.com/upload/39f15be3-ca74-a4b3-eb7b-c62d2ebbca3a.jpg，http://vky-oss.inboyu.com/upload/39ec0b94-423b-880f-b2bd-4b8a00284aba.jpg，http://vky-oss.inboyu.com/upload/39ec0b94-93bf-8ef4-09f4-0d5952872f0f.jpg，http://vky-oss.inboyu.com/upload/39ec0b94-e133-a859-7e23-92ac898dcd32.jpg', '20.97 - 22.74 m2', '18514094843', '已全部满租无空房', 3498, 3888, '整租'),
(54, '北京', '丰台区', '品质大开间 · 泊寓|院儿-成寿寺社区', 'http://vky-oss.inboyu.com/upload/39f6d53f-c749-a0ad-2317-eac5dc01b0a1.jpg?x-oss-process=image/resize,w_240,h_180', '北京市丰台区南三环方庄桥南泊寓成寿寺社区，1号楼3层', '泊寓|院儿-成寿寺社区', '', '开间', 'http://vky-oss.inboyu.com/upload/39ec0b96-b3fd-5f26-b309-77de6c051230.jpg，http://vky-oss.inboyu.com/upload/39f15be0-5486-762b-b5c5-3538804134f4.jpg，http://vky-oss.inboyu.com/upload/39f15be3-ca74-a4b3-eb7b-c62d2ebbca3a.jpg，http://vky-oss.inboyu.com/upload/39ec0b94-423b-880f-b2bd-4b8a00284aba.jpg，http://vky-oss.inboyu.com/upload/39ec0b94-93bf-8ef4-09f4-0d5952872f0f.jpg，http://vky-oss.inboyu.com/upload/39ec0b94-e133-a859-7e23-92ac898dcd32.jpg', '21.02 - 31.26 m2', '18514094843', '已全部满租无空房', 3888, 5538, '整租'),
(55, '北京', '丰台区', '超强收纳一房一厅 · 泊寓|院儿-高立庄社区\n', 'http://vky-oss.inboyu.com/upload/39fa25de-0034-98e0-d482-09f3ae84da0f.jpeg?x-oss-process=image/resize,w_240,h_180', '北京市丰台区花乡高立庄606号院', '泊寓|院儿-高立庄社区', '', '一室一厅', 'http://vky-oss.inboyu.com/upload/39ec0b96-b3fd-5f26-b309-77de6c051230.jpg，http://vky-oss.inboyu.com/upload/39f15be0-5486-762b-b5c5-3538804134f4.jpg，http://vky-oss.inboyu.com/upload/39f15be3-ca74-a4b3-eb7b-c62d2ebbca3a.jpg，http://vky-oss.inboyu.com/upload/39ec0b94-423b-880f-b2bd-4b8a00284aba.jpg，http://vky-oss.inboyu.com/upload/39ec0b94-93bf-8ef4-09f4-0d5952872f0f.jpg，http://vky-oss.inboyu.com/upload/39ec0b94-e133-a859-7e23-92ac898dcd32.jpg', '40 - 50 m2', '13263222340', '独立卫浴，班车出行，智能社区', 3100, 5000, '整租'),
(56, '北京', '丰台区', '超大空间两房一厅 · 泊寓|院儿-高立庄社区', 'http://vky-oss.inboyu.com/upload/39f958f8-6607-6163-a7f2-1cf180e7fc56.jpg?x-oss-process=image/resize,w_240,h_180', '北京市丰台区花乡高立庄606号院', '泊寓|院儿-高立庄社区', '', '两室一厅', 'http://vky-oss.inboyu.com/upload/39ec0b96-b3fd-5f26-b309-77de6c051230.jpg，http://vky-oss.inboyu.com/upload/39f15be0-5486-762b-b5c5-3538804134f4.jpg，http://vky-oss.inboyu.com/upload/39f15be3-ca74-a4b3-eb7b-c62d2ebbca3a.jpg，http://vky-oss.inboyu.com/upload/39ec0b94-423b-880f-b2bd-4b8a00284aba.jpg，http://vky-oss.inboyu.com/upload/39ec0b94-93bf-8ef4-09f4-0d5952872f0f.jpg，http://vky-oss.inboyu.com/upload/39ec0b94-e133-a859-7e23-92ac898dcd32.jpg', '80 m2', '13263222340', '独立卫浴，班车出行，智能社区', 4500, 6000, '整租'),
(57, '北京', '海淀区', 'Mini小开间 · 泊寓-西直门店', 'http://vky-oss.inboyu.com/upload/39ec1643-e0b3-514c-8dc2-b77e43e30dd8.jpg?x-oss-process=image/resize,w_240,h_180', '北京市海淀区文慧园西路36号泊寓西直门店', ' 泊寓-西直门店', '', '开间', 'http://vky-oss.inboyu.com/upload/39ec0b96-b3fd-5f26-b309-77de6c051230.jpg，http://vky-oss.inboyu.com/upload/39f15be0-5486-762b-b5c5-3538804134f4.jpg，http://vky-oss.inboyu.com/upload/39f15be3-ca74-a4b3-eb7b-c62d2ebbca3a.jpg，http://vky-oss.inboyu.com/upload/39ec0b94-423b-880f-b2bd-4b8a00284aba.jpg，http://vky-oss.inboyu.com/upload/39ec0b94-93bf-8ef4-09f4-0d5952872f0f.jpg，http://vky-oss.inboyu.com/upload/39ec0b94-e133-a859-7e23-92ac898dcd32.jpg', '16.5 - 16.66 m2', '13141042060', '服务费百分之十，独立卫浴，24小时安保服务', 3300, 3500, '整租'),
(58, '北京', '海淀区', '品质小开间（长） · 泊寓-西直门店', 'http://vky-oss.inboyu.com/upload/39efa150-f5fd-06a7-fc81-fedae59468fb.jpg?x-oss-process=image/resize,w_240,h_180', '北京市海淀区文慧园西路36号泊寓西直门店', '泊寓-西直门店', '', '开间', 'http://vky-oss.inboyu.com/upload/39ec0b96-b3fd-5f26-b309-77de6c051230.jpg，http://vky-oss.inboyu.com/upload/39f15be0-5486-762b-b5c5-3538804134f4.jpg，http://vky-oss.inboyu.com/upload/39f15be3-ca74-a4b3-eb7b-c62d2ebbca3a.jpg，http://vky-oss.inboyu.com/upload/39ec0b94-423b-880f-b2bd-4b8a00284aba.jpg，http://vky-oss.inboyu.com/upload/39ec0b94-93bf-8ef4-09f4-0d5952872f0f.jpg，http://vky-oss.inboyu.com/upload/39ec0b94-e133-a859-7e23-92ac898dcd32.jpg', '22.06 - 30.31 m2', '13141042060', '服务费百分之十，独立卫浴，24小时安保服务', 3800, 4800, ' 整租'),
(59, '北京', '海淀区', '温馨大开间 · 泊寓-西直门店', 'http://vky-oss.inboyu.com/upload/39e9e50e-c10d-fc03-3200-1e0fab013e9d.jpg', '北京市海淀区文慧园西路36号泊寓西直门店', '泊寓-西直门店', '', '开间', 'http://vky-oss.inboyu.com/upload/39ec0b96-b3fd-5f26-b309-77de6c051230.jpg，http://vky-oss.inboyu.com/upload/39f15be0-5486-762b-b5c5-3538804134f4.jpg，http://vky-oss.inboyu.com/upload/39f15be3-ca74-a4b3-eb7b-c62d2ebbca3a.jpg，http://vky-oss.inboyu.com/upload/39ec0b94-423b-880f-b2bd-4b8a00284aba.jpg，http://vky-oss.inboyu.com/upload/39ec0b94-93bf-8ef4-09f4-0d5952872f0f.jpg，http://vky-oss.inboyu.com/upload/39ec0b94-e133-a859-7e23-92ac898dcd32.jpg', '23.17 - 35.22 m2', '13141042060', '服务费百分之十，独立卫浴，24小时安保服务', 5000, 5600, '整租'),
(60, '北京', '海淀区', '豪华大一房 · 泊寓-西直门店', 'http://vky-oss.inboyu.com/upload/39ec165c-7637-3fc9-5519-db936041d3fe.jpg?x-oss-process=image/resize,w_240,h_180', '北京市海淀区文慧园西路36号泊寓西直门店', '泊寓-西直门店', '', '一室一厅', 'http://vky-oss.inboyu.com/upload/39ec0b96-b3fd-5f26-b309-77de6c051230.jpg，http://vky-oss.inboyu.com/upload/39f15be0-5486-762b-b5c5-3538804134f4.jpg，http://vky-oss.inboyu.com/upload/39f15be3-ca74-a4b3-eb7b-c62d2ebbca3a.jpg，http://vky-oss.inboyu.com/upload/39ec0b94-423b-880f-b2bd-4b8a00284aba.jpg，http://vky-oss.inboyu.com/upload/39ec0b94-93bf-8ef4-09f4-0d5952872f0f.jpg，http://vky-oss.inboyu.com/upload/39ec0b94-e133-a859-7e23-92ac898dcd32.jpg', '37.61 - 56.03 m2', '13141042060', '服务费百分之十，独立卫浴，24小时安保服务', 6300, 7500, '整租'),
(61, '北京', '海淀区', '品质小开间（方） · 泊寓-西直门店', 'http://vky-oss.inboyu.com/upload/39efa157-9f0b-1881-0d73-5eb8034ed323.jpg?x-oss-process=image/resize,w_240,h_180', '北京市海淀区文慧园西路36号泊寓西直门店', '泊寓-西直门店 服务费百分之十 ', '', '开间', 'http://vky-oss.inboyu.com/upload/39ec0b96-b3fd-5f26-b309-77de6c051230.jpg，http://vky-oss.inboyu.com/upload/39f15be0-5486-762b-b5c5-3538804134f4.jpg，http://vky-oss.inboyu.com/upload/39f15be3-ca74-a4b3-eb7b-c62d2ebbca3a.jpg，http://vky-oss.inboyu.com/upload/39ec0b94-423b-880f-b2bd-4b8a00284aba.jpg，http://vky-oss.inboyu.com/upload/39ec0b94-93bf-8ef4-09f4-0d5952872f0f.jpg，http://vky-oss.inboyu.com/upload/39ec0b94-e133-a859-7e23-92ac898dcd32.jpg', '21.9 - 22.69 m2', '13141042060', '服务费百分之十，独立卫浴，24小时安保服务', 4500, 4900, '整租'),
(62, '北京', '海淀区', '阳光大开间 · 泊寓-西直门店', 'http://vky-oss.inboyu.com/upload/39efa163-5d75-0851-d9ca-6f40027771f7.jpg?x-oss-process=image/resize,w_240,h_180', '北京市海淀区文慧园西路36号泊寓西直门店', '泊寓-西直门店', '', '开间', 'http://vky-oss.inboyu.com/upload/39ec0b96-b3fd-5f26-b309-77de6c051230.jpg，http://vky-oss.inboyu.com/upload/39f15be0-5486-762b-b5c5-3538804134f4.jpg，http://vky-oss.inboyu.com/upload/39f15be3-ca74-a4b3-eb7b-c62d2ebbca3a.jpg，http://vky-oss.inboyu.com/upload/39ec0b94-423b-880f-b2bd-4b8a00284aba.jpg，http://vky-oss.inboyu.com/upload/39ec0b94-93bf-8ef4-09f4-0d5952872f0f.jpg，http://vky-oss.inboyu.com/upload/39ec0b94-e133-a859-7e23-92ac898dcd32.jpg', '23.65 - 33.01 m2', '13141042060', '服务费百分之十，独立卫浴，24小时安保服务', 5200, 7000, '整租'),
(63, '北京', '海淀区', '精致小开间 · 泊寓-西直门店', 'http://vky-oss.inboyu.com/upload/39efa17b-8f6f-9d49-c7f2-45709af5e110.jpg?x-oss-process=image/resize,w_240,h_180', '北京市海淀区文慧园西路36号泊寓西直门店', '泊寓-西直门店', '', '开间', 'http://vky-oss.inboyu.com/upload/39ec0b96-b3fd-5f26-b309-77de6c051230.jpg，http://vky-oss.inboyu.com/upload/39f15be0-5486-762b-b5c5-3538804134f4.jpg，http://vky-oss.inboyu.com/upload/39f15be3-ca74-a4b3-eb7b-c62d2ebbca3a.jpg，http://vky-oss.inboyu.com/upload/39ec0b94-423b-880f-b2bd-4b8a00284aba.jpg，http://vky-oss.inboyu.com/upload/39ec0b94-93bf-8ef4-09f4-0d5952872f0f.jpg，http://vky-oss.inboyu.com/upload/39ec0b94-e133-a859-7e23-92ac898dcd32.jpg', '18.73 - 26.66 m2', '13141042060', '服务费百分之十，独立卫浴，24小时安保服务', 2880, 4600, '整租'),
(64, '北京', '朝阳区', '品质双人间 · 泊寓-安贞店', 'http://vky-oss.inboyu.com/upload/39eda8ea-4ec2-8d7f-8fcb-60c08e1737f1.jpg?x-oss-process=image/resize,w_240,h_180', '北京市朝阳区安贞西里四区甲-1号楼。', '泊寓-安贞店', '', '两室一厅', 'http://vky-oss.inboyu.com/upload/39ec0b96-b3fd-5f26-b309-77de6c051230.jpg，http://vky-oss.inboyu.com/upload/39f15be0-5486-762b-b5c5-3538804134f4.jpg，http://vky-oss.inboyu.com/upload/39f15be3-ca74-a4b3-eb7b-c62d2ebbca3a.jpg，http://vky-oss.inboyu.com/upload/39ec0b94-423b-880f-b2bd-4b8a00284aba.jpg，http://vky-oss.inboyu.com/upload/39ec0b94-93bf-8ef4-09f4-0d5952872f0f.jpg，http://vky-oss.inboyu.com/upload/39ec0b94-e133-a859-7e23-92ac898dcd32.jpg', '40.68 m2', '13141042109', '长租一年优惠，独立卫浴，24小时安保服务', 6080, 7088, '整租'),
(65, '北京', '朝阳区', '精致mini小开间 · 泊寓-安贞店', 'http://vky-oss.inboyu.com/upload/39f5a435-73a7-79d1-fbdb-bf18bb146429.jpg?x-oss-process=image/resize,w_240,h_180', '北京市朝阳区安贞西里四区甲-1号楼。', '泊寓-安贞店', '', '独卫开间', 'http://vky-oss.inboyu.com/upload/39ec0b96-b3fd-5f26-b309-77de6c051230.jpg，http://vky-oss.inboyu.com/upload/39f15be0-5486-762b-b5c5-3538804134f4.jpg，http://vky-oss.inboyu.com/upload/39f15be3-ca74-a4b3-eb7b-c62d2ebbca3a.jpg，http://vky-oss.inboyu.com/upload/39ec0b94-423b-880f-b2bd-4b8a00284aba.jpg，http://vky-oss.inboyu.com/upload/39ec0b94-93bf-8ef4-09f4-0d5952872f0f.jpg，http://vky-oss.inboyu.com/upload/39ec0b94-e133-a859-7e23-92ac898dcd32.jpg', '16.02 - 26.64 m2', '13141042109', '长租一年优惠，独立卫浴，24小时安保服务', 3100, 3600, '整租'),
(66, '北京', '朝阳区', '经济适用小开间 · 泊寓-安贞店', 'http://vky-oss.inboyu.com/upload/39f5a4a2-bd9a-667d-02b4-0643d96fab51.jpg?x-oss-process=image/resize,w_240,h_180', '北京市朝阳区安贞西里四区甲-1号楼。', '泊寓-安贞店', '', '开间带卫', 'http://vky-oss.inboyu.com/upload/39ec0b96-b3fd-5f26-b309-77de6c051230.jpg，http://vky-oss.inboyu.com/upload/39f15be0-5486-762b-b5c5-3538804134f4.jpg，http://vky-oss.inboyu.com/upload/39f15be3-ca74-a4b3-eb7b-c62d2ebbca3a.jpg，http://vky-oss.inboyu.com/upload/39ec0b94-423b-880f-b2bd-4b8a00284aba.jpg，http://vky-oss.inboyu.com/upload/39ec0b94-93bf-8ef4-09f4-0d5952872f0f.jpg，http://vky-oss.inboyu.com/upload/39ec0b94-e133-a859-7e23-92ac898dcd32.jpg', '16.02 - 21.78 m2', '13141042109', '长租一年优惠，独立卫浴，24小时安保服务', 3700, 3800, '整租'),
(67, '北京', '朝阳区', '标准小开间 · 泊寓-安贞店', 'http://vky-oss.inboyu.com/upload/39f5a4cf-bc8a-cb02-7924-f59527dbc91c.jpg?x-oss-process=image/resize,w_240,h_180', '北京市朝阳区安贞西里四区甲-1号楼。', '泊寓-安贞店', '', '开间带卫', 'http://vky-oss.inboyu.com/upload/39ec0b96-b3fd-5f26-b309-77de6c051230.jpg，http://vky-oss.inboyu.com/upload/39f15be0-5486-762b-b5c5-3538804134f4.jpg，http://vky-oss.inboyu.com/upload/39f15be3-ca74-a4b3-eb7b-c62d2ebbca3a.jpg，http://vky-oss.inboyu.com/upload/39ec0b94-423b-880f-b2bd-4b8a00284aba.jpg，http://vky-oss.inboyu.com/upload/39ec0b94-93bf-8ef4-09f4-0d5952872f0f.jpg，http://vky-oss.inboyu.com/upload/39ec0b94-e133-a859-7e23-92ac898dcd32.jpg', '19.8 - 22.32 m2', '13141042109', '长租一年优惠，独立卫浴，24小时安保服务', 3900, 4200, '整租'),
(68, '北京', '朝阳区', '高性价比开间 · 泊寓-安贞店', 'http://vky-oss.inboyu.com/upload/39f5a4ee-3d94-f8c3-2fac-b0024c9287bd.jpg?x-oss-process=image/resize,w_240,h_180', '北京市朝阳区安贞西里四区甲-1号楼。', '泊寓-安贞店', '', '开间带卫', 'http://vky-oss.inboyu.com/upload/39ec0b96-b3fd-5f26-b309-77de6c051230.jpg，http://vky-oss.inboyu.com/upload/39f15be0-5486-762b-b5c5-3538804134f4.jpg，http://vky-oss.inboyu.com/upload/39f15be3-ca74-a4b3-eb7b-c62d2ebbca3a.jpg，http://vky-oss.inboyu.com/upload/39ec0b94-423b-880f-b2bd-4b8a00284aba.jpg，http://vky-oss.inboyu.com/upload/39ec0b94-93bf-8ef4-09f4-0d5952872f0f.jpg，http://vky-oss.inboyu.com/upload/39ec0b94-e133-a859-7e23-92ac898dcd32.jpg', '19.8 - 33.84 m2', '13141042109', '长租一年优惠，独立卫浴 ，24小时安保服务', 4300, 4900, '整租'),
(69, '北京', '朝阳区', '舒适温馨大开间 · 泊寓-安贞店', 'http://vky-oss.inboyu.com/upload/39f5a4fc-898c-5576-b7c8-4805f62af1af.jpg?x-oss-process=image/resize,w_240,h_180', '北京市朝阳区安贞西里四区甲-1号楼。', '泊寓-安贞店', '', '开间带卫', 'http://vky-oss.inboyu.com/upload/39ec0b96-b3fd-5f26-b309-77de6c051230.jpg，http://vky-oss.inboyu.com/upload/39f15be0-5486-762b-b5c5-3538804134f4.jpg，http://vky-oss.inboyu.com/upload/39f15be3-ca74-a4b3-eb7b-c62d2ebbca3a.jpg，http://vky-oss.inboyu.com/upload/39ec0b94-423b-880f-b2bd-4b8a00284aba.jpg，http://vky-oss.inboyu.com/upload/39ec0b94-93bf-8ef4-09f4-0d5952872f0f.jpg，http://vky-oss.inboyu.com/upload/39ec0b94-e133-a859-7e23-92ac898dcd32.jpg', '27.54 - 29.88 m2', '13141042109', '长租一年优惠，独立卫浴，24小时安保服务', 5000, 5500, '整租'),
(70, '北京', '大兴区', '舒适大开间 · 泊寓-亦庄店', 'http://vky-oss.inboyu.com/upload/39ec8222-389f-1ecd-6d91-e3dd69020f7d.jpg?x-oss-process=image/resize,w_240,h_180', '北京市大兴区亦庄经济技术开发区经海三路109号天骥智谷52号楼泊寓亦庄店', '泊寓-亦庄店', '', '大单房', 'http://vky-oss.inboyu.com/upload/39ec0b96-b3fd-5f26-b309-77de6c051230.jpg，http://vky-oss.inboyu.com/upload/39f15be0-5486-762b-b5c5-3538804134f4.jpg，http://vky-oss.inboyu.com/upload/39f15be3-ca74-a4b3-eb7b-c62d2ebbca3a.jpg，http://vky-oss.inboyu.com/upload/39ec0b94-423b-880f-b2bd-4b8a00284aba.jpg，http://vky-oss.inboyu.com/upload/39ec0b94-93bf-8ef4-09f4-0d5952872f0f.jpg，http://vky-oss.inboyu.com/upload/39ec0b94-e133-a859-7e23-92ac898dcd32.jpg', '29.82 - 39.51 m2', '13120433165', '性价比之选，独立卫浴，24小时安保服务', 990, 3300, '整租');

-- --------------------------------------------------------

--
-- 表的结构 `shopname`
--

CREATE TABLE `shopname` (
  `id` int(11) NOT NULL,
  `bg` varchar(200) NOT NULL,
  `shopname` varchar(15) NOT NULL,
  `detail` varchar(20) NOT NULL DEFAULT '长租一年优惠，独立卫浴，24小时安保服务',
  `images` varchar(1000) NOT NULL DEFAULT 'http://vky-oss.inboyu.com/upload/39ec0b96-b3fd-5f26-b309-77de6c051230.jpg，http://vky-oss.inboyu.com/upload/39f15be0-5486-762b-b5c5-3538804134f4.jpg，http://vky-oss.inboyu.com/upload/39f15be3-ca74-a4b3-eb7b-c62d2ebbca3a.jpg，http://vky-oss.inboyu.com/upload/39ec0b94-423b-880f-b2bd-4b8a00284aba.jpg，http://vky-oss.inboyu.com/upload/39ec0b94-93bf-8ef4-09f4-0d5952872f0f.jpg，http://vky-oss.inboyu.com/upload/39ec0b94-e133-a859-7e23-92ac898dcd32.jpg',
  `phone` varchar(11) NOT NULL DEFAULT '13313313311',
  `count` int(11) NOT NULL,
  `address` varchar(200) NOT NULL,
  `price` int(11) NOT NULL,
  `area` varchar(20) NOT NULL,
  `city_name` varchar(11) NOT NULL
) ENGINE=InnoDB DEFAULT CHARSET=utf8;

--
-- 转存表中的数据 `shopname`
--

INSERT INTO `shopname` (`id`, `bg`, `shopname`, `detail`, `images`, `phone`, `count`, `address`, `price`, `area`, `city_name`) VALUES
(0, 'http://vky-oss.inboyu.com/upload/39ec0b90-e118-2677-9449-8d5461d0a068.jpg', '泊寓-安贞店', '长租一年优惠，独立卫浴，24小时安保服务', 'http://vky-oss.inboyu.com/upload/39ec0b96-b3fd-5f26-b309-77de6c051230.jpg，http://vky-oss.inboyu.com/upload/39f15be0-5486-762b-b5c5-3538804134f4.jpg，http://vky-oss.inboyu.com/upload/39f15be3-ca74-a4b3-eb7b-c62d2ebbca3a.jpg，http://vky-oss.inboyu.com/upload/39ec0b94-423b-880f-b2bd-4b8a00284aba.jpg，http://vky-oss.inboyu.com/upload/39ec0b94-93bf-8ef4-09f4-0d5952872f0f.jpg，http://vky-oss.inboyu.com/upload/39ec0b94-e133-a859-7e23-92ac898dcd32.jpg', '13313313311', 0, '北京市朝阳区安贞西里四区甲-1号楼。', 3000, '朝阳区', '北京'),
(1, 'http://vky-oss.inboyu.com/upload/39f28ab6-8b5e-9bf4-7774-69daf722c856.jpg', '泊寓-劲松店', '长租一年优惠，独立卫浴，24小时安保服务', 'http://vky-oss.inboyu.com/upload/39ec0b96-b3fd-5f26-b309-77de6c051230.jpg，http://vky-oss.inboyu.com/upload/39f15be0-5486-762b-b5c5-3538804134f4.jpg，http://vky-oss.inboyu.com/upload/39f15be3-ca74-a4b3-eb7b-c62d2ebbca3a.jpg，http://vky-oss.inboyu.com/upload/39ec0b94-423b-880f-b2bd-4b8a00284aba.jpg，http://vky-oss.inboyu.com/upload/39ec0b94-93bf-8ef4-09f4-0d5952872f0f.jpg，http://vky-oss.inboyu.com/upload/39ec0b94-e133-a859-7e23-92ac898dcd32.jpg', '13313313311', 0, '北京市朝阳区松榆南路美景东方小区38号院2号楼', 3500, '朝阳区', '北京'),
(2, 'http://vky-oss.inboyu.com/upload/39f28b7b-9f5f-fd4d-3f91-4f1f7aaa3fde.jpg', '泊寓-天坛店', '长租一年优惠，独立卫浴，24小时安保服务', 'http://vky-oss.inboyu.com/upload/39ec0b96-b3fd-5f26-b309-77de6c051230.jpg，http://vky-oss.inboyu.com/upload/39f15be0-5486-762b-b5c5-3538804134f4.jpg，http://vky-oss.inboyu.com/upload/39f15be3-ca74-a4b3-eb7b-c62d2ebbca3a.jpg，http://vky-oss.inboyu.com/upload/39ec0b94-423b-880f-b2bd-4b8a00284aba.jpg，http://vky-oss.inboyu.com/upload/39ec0b94-93bf-8ef4-09f4-0d5952872f0f.jpg，http://vky-oss.inboyu.com/upload/39ec0b94-e133-a859-7e23-92ac898dcd32.jpg', '13313313311', 0, '北京市东城区天坛东里乙48号泊寓天坛店', 3600, '东城区', '北京'),
(3, 'http://vky-oss.inboyu.com/upload/39f28b7d-39ba-16d4-6d51-a77b0e285797.jpg', '泊寓-亦庄店', '长租一年优惠，独立卫浴，24小时安保服务', 'http://vky-oss.inboyu.com/upload/39ec0b96-b3fd-5f26-b309-77de6c051230.jpg，http://vky-oss.inboyu.com/upload/39f15be0-5486-762b-b5c5-3538804134f4.jpg，http://vky-oss.inboyu.com/upload/39f15be3-ca74-a4b3-eb7b-c62d2ebbca3a.jpg，http://vky-oss.inboyu.com/upload/39ec0b94-423b-880f-b2bd-4b8a00284aba.jpg，http://vky-oss.inboyu.com/upload/39ec0b94-93bf-8ef4-09f4-0d5952872f0f.jpg，http://vky-oss.inboyu.com/upload/39ec0b94-e133-a859-7e23-92ac898dcd32.jpg', '13313313311', 0, '北京市大兴区亦庄经济技术开发区经海三路109号天骥智谷52号楼泊寓亦庄店', 600, '大兴区', '北京'),
(4, 'http://vky-oss.inboyu.com/upload/39f15c04-c58f-cb77-98a0-9cb732713fa8.jpg', '泊寓-空港店', '长租一年优惠，独立卫浴，24小时安保服务', 'http://vky-oss.inboyu.com/upload/39ec0b96-b3fd-5f26-b309-77de6c051230.jpg，http://vky-oss.inboyu.com/upload/39f15be0-5486-762b-b5c5-3538804134f4.jpg，http://vky-oss.inboyu.com/upload/39f15be3-ca74-a4b3-eb7b-c62d2ebbca3a.jpg，http://vky-oss.inboyu.com/upload/39ec0b94-423b-880f-b2bd-4b8a00284aba.jpg，http://vky-oss.inboyu.com/upload/39ec0b94-93bf-8ef4-09f4-0d5952872f0f.jpg，http://vky-oss.inboyu.com/upload/39ec0b94-e133-a859-7e23-92ac898dcd32.jpg', '13313313311', 0, '北京市顺义区林河南大街33号泊寓北京空港店', 1420, '顺义区', '北京'),
(5, 'http://vky-oss.inboyu.com/upload/39ee28e5-dd15-2c97-d3d8-26d4771f05b4.jpg', '泊寓-西直门店', '长租一年优惠，独立卫浴，24小时安保服务', 'http://vky-oss.inboyu.com/upload/39ec0b96-b3fd-5f26-b309-77de6c051230.jpg，http://vky-oss.inboyu.com/upload/39f15be0-5486-762b-b5c5-3538804134f4.jpg，http://vky-oss.inboyu.com/upload/39f15be3-ca74-a4b3-eb7b-c62d2ebbca3a.jpg，http://vky-oss.inboyu.com/upload/39ec0b94-423b-880f-b2bd-4b8a00284aba.jpg，http://vky-oss.inboyu.com/upload/39ec0b94-93bf-8ef4-09f4-0d5952872f0f.jpg，http://vky-oss.inboyu.com/upload/39ec0b94-e133-a859-7e23-92ac898dcd32.jpg', '13313313311', 0, '北京市海淀区文慧园西路36号泊寓西直门店', 2880, '海淀区', '北京'),
(6, 'http://vky-oss.inboyu.com/upload/39f89972-2d91-d106-e467-6c2addf9c57f.png', '泊寓|院儿-高立庄社区', '长租一年优惠，独立卫浴，24小时安保服务', 'http://vky-oss.inboyu.com/upload/39ec0b96-b3fd-5f26-b309-77de6c051230.jpg，http://vky-oss.inboyu.com/upload/39f15be0-5486-762b-b5c5-3538804134f4.jpg，http://vky-oss.inboyu.com/upload/39f15be3-ca74-a4b3-eb7b-c62d2ebbca3a.jpg，http://vky-oss.inboyu.com/upload/39ec0b94-423b-880f-b2bd-4b8a00284aba.jpg，http://vky-oss.inboyu.com/upload/39ec0b94-93bf-8ef4-09f4-0d5952872f0f.jpg，http://vky-oss.inboyu.com/upload/39ec0b94-e133-a859-7e23-92ac898dcd32.jpg', '13313313311', 0, '北京市丰台区花乡高立庄606号院', 1600, '丰台区', '北京'),
(7, 'http://vky-oss.inboyu.com/upload/39f6d546-ae76-28e0-3828-9a3ab25fb9fc.png', '泊寓|院儿-成寿寺社区', '长租一年优惠，独立卫浴，24小时安保服务', 'http://vky-oss.inboyu.com/upload/39ec0b96-b3fd-5f26-b309-77de6c051230.jpg，http://vky-oss.inboyu.com/upload/39f15be0-5486-762b-b5c5-3538804134f4.jpg，http://vky-oss.inboyu.com/upload/39f15be3-ca74-a4b3-eb7b-c62d2ebbca3a.jpg，http://vky-oss.inboyu.com/upload/39ec0b94-423b-880f-b2bd-4b8a00284aba.jpg，http://vky-oss.inboyu.com/upload/39ec0b94-93bf-8ef4-09f4-0d5952872f0f.jpg，http://vky-oss.inboyu.com/upload/39ec0b94-e133-a859-7e23-92ac898dcd32.jpg', '13313313311', 0, '北京市丰台区南三环方庄桥南泊寓成寿寺社区，1号楼3层', 3498, '丰台区', '北京'),
(8, 'http://vky-oss.inboyu.com/upload/39f25316-4cd3-c218-7c0c-7b04e77b0d26.jpg', '泊寓-东郊记忆店', '长租一年优惠，独立卫浴，24小时安保服务', 'http://vky-oss.inboyu.com/upload/39ec0b96-b3fd-5f26-b309-77de6c051230.jpg，http://vky-oss.inboyu.com/upload/39f15be0-5486-762b-b5c5-3538804134f4.jpg，http://vky-oss.inboyu.com/upload/39f15be3-ca74-a4b3-eb7b-c62d2ebbca3a.jpg，http://vky-oss.inboyu.com/upload/39ec0b94-423b-880f-b2bd-4b8a00284aba.jpg，http://vky-oss.inboyu.com/upload/39ec0b94-93bf-8ef4-09f4-0d5952872f0f.jpg，http://vky-oss.inboyu.com/upload/39ec0b94-e133-a859-7e23-92ac898dcd32.jpg', '13313313311', 0, '成都市成华区锦绣社区86号院', 990, '成华区', '成都'),
(9, 'http://vky-oss.inboyu.com/upload/39f258f2-497b-6b81-eae5-366c4de008c5.jpg', '泊寓-猛追湾店', '长租一年优惠，独立卫浴，24小时安保服务', 'http://vky-oss.inboyu.com/upload/39ec0b96-b3fd-5f26-b309-77de6c051230.jpg，http://vky-oss.inboyu.com/upload/39f15be0-5486-762b-b5c5-3538804134f4.jpg，http://vky-oss.inboyu.com/upload/39f15be3-ca74-a4b3-eb7b-c62d2ebbca3a.jpg，http://vky-oss.inboyu.com/upload/39ec0b94-423b-880f-b2bd-4b8a00284aba.jpg，http://vky-oss.inboyu.com/upload/39ec0b94-93bf-8ef4-09f4-0d5952872f0f.jpg，http://vky-oss.inboyu.com/upload/39ec0b94-e133-a859-7e23-92ac898dcd32.jpg', '13313313311', 0, '成都市成华区东风路4号', 1360, '成华区', '成都'),
(10, 'http://vky-oss.inboyu.com/upload/39f26dd5-ad9d-f97b-aa1a-c333a47b3eb0.jpg', '泊寓-锦华店', '长租一年优惠，独立卫浴，24小时安保服务', 'http://vky-oss.inboyu.com/upload/39ec0b96-b3fd-5f26-b309-77de6c051230.jpg，http://vky-oss.inboyu.com/upload/39f15be0-5486-762b-b5c5-3538804134f4.jpg，http://vky-oss.inboyu.com/upload/39f15be3-ca74-a4b3-eb7b-c62d2ebbca3a.jpg，http://vky-oss.inboyu.com/upload/39ec0b94-423b-880f-b2bd-4b8a00284aba.jpg，http://vky-oss.inboyu.com/upload/39ec0b94-93bf-8ef4-09f4-0d5952872f0f.jpg，http://vky-oss.inboyu.com/upload/39ec0b94-e133-a859-7e23-92ac898dcd32.jpg', '13313313311', 0, '成都市锦江区汇融创客广场', 758, '锦江区', '成都'),
(11, 'http://vky-oss.inboyu.com/upload/39f27244-61e5-9eb3-c531-0602bd93f0da.jpg', '泊寓-建设路店', '长租一年优惠，独立卫浴，24小时安保服务', 'http://vky-oss.inboyu.com/upload/39ec0b96-b3fd-5f26-b309-77de6c051230.jpg，http://vky-oss.inboyu.com/upload/39f15be0-5486-762b-b5c5-3538804134f4.jpg，http://vky-oss.inboyu.com/upload/39f15be3-ca74-a4b3-eb7b-c62d2ebbca3a.jpg，http://vky-oss.inboyu.com/upload/39ec0b94-423b-880f-b2bd-4b8a00284aba.jpg，http://vky-oss.inboyu.com/upload/39ec0b94-93bf-8ef4-09f4-0d5952872f0f.jpg，http://vky-oss.inboyu.com/upload/39ec0b94-e133-a859-7e23-92ac898dcd32.jpg', '13313313311', 0, '成都市成华区建设北路一段2号', 1020, '成华区', '成都'),
(12, 'http://vky-oss.inboyu.com/upload/39f6e531-cb8c-4e50-7cc8-090b53405a75.png?x-oss-process=image/resize,w_240,h_180', '泊寓-人民北路店', '长租一年优惠，独立卫浴，24小时安保服务', 'http://vky-oss.inboyu.com/upload/39ec0b96-b3fd-5f26-b309-77de6c051230.jpg，http://vky-oss.inboyu.com/upload/39f15be0-5486-762b-b5c5-3538804134f4.jpg，http://vky-oss.inboyu.com/upload/39f15be3-ca74-a4b3-eb7b-c62d2ebbca3a.jpg，http://vky-oss.inboyu.com/upload/39ec0b94-423b-880f-b2bd-4b8a00284aba.jpg，http://vky-oss.inboyu.com/upload/39ec0b94-93bf-8ef4-09f4-0d5952872f0f.jpg，http://vky-oss.inboyu.com/upload/39ec0b94-e133-a859-7e23-92ac898dcd32.jpg', '13313313311', 0, '金牛区一环路北一段436号\r\n						', 1260, '金牛区', '成都'),
(13, 'http://vky-oss.inboyu.com/upload/39f276a3-a6b3-c16a-5f2a-9b48ab02cb06.jpg?x-oss-process=image/resize,w_240,h_180', '泊寓-李家沱店', '长租一年优惠，独立卫浴，24小时安保服务', 'http://vky-oss.inboyu.com/upload/39ec0b96-b3fd-5f26-b309-77de6c051230.jpg，http://vky-oss.inboyu.com/upload/39f15be0-5486-762b-b5c5-3538804134f4.jpg，http://vky-oss.inboyu.com/upload/39f15be3-ca74-a4b3-eb7b-c62d2ebbca3a.jpg，http://vky-oss.inboyu.com/upload/39ec0b94-423b-880f-b2bd-4b8a00284aba.jpg，http://vky-oss.inboyu.com/upload/39ec0b94-93bf-8ef4-09f4-0d5952872f0f.jpg，http://vky-oss.inboyu.com/upload/39ec0b94-e133-a859-7e23-92ac898dcd32.jpg', '13313313311', 0, '成都市成华区二环路北四段5号', 1339, '成华区', '成都'),
(14, 'http://vky-oss.inboyu.com/upload/39f67d90-7e42-9f0e-2788-05da173ecdd7.png?x-oss-process=image/resize,w_240,h_180', '城投|泊寓·火车北站店', '长租一年优惠，独立卫浴，24小时安保服务', 'http://vky-oss.inboyu.com/upload/39ec0b96-b3fd-5f26-b309-77de6c051230.jpg，http://vky-oss.inboyu.com/upload/39f15be0-5486-762b-b5c5-3538804134f4.jpg，http://vky-oss.inboyu.com/upload/39f15be3-ca74-a4b3-eb7b-c62d2ebbca3a.jpg，http://vky-oss.inboyu.com/upload/39ec0b94-423b-880f-b2bd-4b8a00284aba.jpg，http://vky-oss.inboyu.com/upload/39ec0b94-93bf-8ef4-09f4-0d5952872f0f.jpg，http://vky-oss.inboyu.com/upload/39ec0b94-e133-a859-7e23-92ac898dcd32.jpg', '13313313311', 0, '成都市成华区站北东街125号', 998, '成华区', '成都'),
(15, 'http://vky-oss.inboyu.com/upload/39f6e539-323a-693e-cf00-55449d8111a1.png?x-oss-process=image/resize,w_240,h_180', '泊寓-人民北路店二期', '长租一年优惠，独立卫浴，24小时安保服务', 'http://vky-oss.inboyu.com/upload/39ec0b96-b3fd-5f26-b309-77de6c051230.jpg，http://vky-oss.inboyu.com/upload/39f15be0-5486-762b-b5c5-3538804134f4.jpg，http://vky-oss.inboyu.com/upload/39f15be3-ca74-a4b3-eb7b-c62d2ebbca3a.jpg，http://vky-oss.inboyu.com/upload/39ec0b94-423b-880f-b2bd-4b8a00284aba.jpg，http://vky-oss.inboyu.com/upload/39ec0b94-93bf-8ef4-09f4-0d5952872f0f.jpg，http://vky-oss.inboyu.com/upload/39ec0b94-e133-a859-7e23-92ac898dcd32.jpg', '13313313311', 0, '成都市一环路北一段436号', 1350, '金牛区', '成都'),
(16, 'http://vky-oss.inboyu.com/upload/39f24d4e-13bd-4df4-6aef-51c06c9786d1.jpg', '泊寓-α解放路店', '长租一年优惠，独立卫浴，24小时安保服务', 'http://vky-oss.inboyu.com/upload/39ec0b96-b3fd-5f26-b309-77de6c051230.jpg，http://vky-oss.inboyu.com/upload/39f15be0-5486-762b-b5c5-3538804134f4.jpg，http://vky-oss.inboyu.com/upload/39f15be3-ca74-a4b3-eb7b-c62d2ebbca3a.jpg，http://vky-oss.inboyu.com/upload/39ec0b94-423b-880f-b2bd-4b8a00284aba.jpg，http://vky-oss.inboyu.com/upload/39ec0b94-93bf-8ef4-09f4-0d5952872f0f.jpg，http://vky-oss.inboyu.com/upload/39ec0b94-e133-a859-7e23-92ac898dcd32.jpg', '13313313311', 0, '杭州市解放路1号', 2000, '上城区', '杭州'),
(17, 'http://vky-oss.inboyu.com/upload/39f26841-372f-ec94-55f5-49e8715e5f97.jpg', '泊寓-α景芳店', '长租一年优惠，独立卫浴，24小时安保服务', 'http://vky-oss.inboyu.com/upload/39ec0b96-b3fd-5f26-b309-77de6c051230.jpg，http://vky-oss.inboyu.com/upload/39f15be0-5486-762b-b5c5-3538804134f4.jpg，http://vky-oss.inboyu.com/upload/39f15be3-ca74-a4b3-eb7b-c62d2ebbca3a.jpg，http://vky-oss.inboyu.com/upload/39ec0b94-423b-880f-b2bd-4b8a00284aba.jpg，http://vky-oss.inboyu.com/upload/39ec0b94-93bf-8ef4-09f4-0d5952872f0f.jpg，http://vky-oss.inboyu.com/upload/39ec0b94-e133-a859-7e23-92ac898dcd32.jpg', '13313313311', 0, '杭州市江干区钱潮路与昙花庵路交叉口水湘大厦A座', 2889, '江干区', '杭州'),
(18, 'http://vky-oss.inboyu.com/upload/39f26b1a-c96e-bdd7-5b26-093dcc86c810.jpeg', '泊寓-金海城店', '长租一年优惠，独立卫浴，24小时安保服务', 'http://vky-oss.inboyu.com/upload/39ec0b96-b3fd-5f26-b309-77de6c051230.jpg，http://vky-oss.inboyu.com/upload/39f15be0-5486-762b-b5c5-3538804134f4.jpg，http://vky-oss.inboyu.com/upload/39f15be3-ca74-a4b3-eb7b-c62d2ebbca3a.jpg，http://vky-oss.inboyu.com/upload/39ec0b94-423b-880f-b2bd-4b8a00284aba.jpg，http://vky-oss.inboyu.com/upload/39ec0b94-93bf-8ef4-09f4-0d5952872f0f.jpg，http://vky-oss.inboyu.com/upload/39ec0b94-e133-a859-7e23-92ac898dcd32.jpg', '13313313311', 0, '杭州市江干区杭海路878号金海城', 1650, '江干区', '杭州'),
(19, 'http://vky-oss.inboyu.com/upload/39f26d14-026a-a2e2-c5e3-bd9a88abc983.jpg', '泊寓-AI小镇社区店', '长租一年优惠，独立卫浴，24小时安保服务', 'http://vky-oss.inboyu.com/upload/39ec0b96-b3fd-5f26-b309-77de6c051230.jpg，http://vky-oss.inboyu.com/upload/39f15be0-5486-762b-b5c5-3538804134f4.jpg，http://vky-oss.inboyu.com/upload/39f15be3-ca74-a4b3-eb7b-c62d2ebbca3a.jpg，http://vky-oss.inboyu.com/upload/39ec0b94-423b-880f-b2bd-4b8a00284aba.jpg，http://vky-oss.inboyu.com/upload/39ec0b94-93bf-8ef4-09f4-0d5952872f0f.jpg，http://vky-oss.inboyu.com/upload/39ec0b94-e133-a859-7e23-92ac898dcd32.jpg', '13313313311', 0, '杭州市余杭区中心路8号', 2429, '余杭区', '杭州'),
(20, 'http://vky-oss.inboyu.com/upload/39f277de-ef76-85ea-70f3-cf16c790d3a1.jpg?x-oss-process=image/resize,w_240,h_180', '泊寓-精峰店', '长租一年优惠，独立卫浴，24小时安保服务', 'http://vky-oss.inboyu.com/upload/39ec0b96-b3fd-5f26-b309-77de6c051230.jpg，http://vky-oss.inboyu.com/upload/39f15be0-5486-762b-b5c5-3538804134f4.jpg，http://vky-oss.inboyu.com/upload/39f15be3-ca74-a4b3-eb7b-c62d2ebbca3a.jpg，http://vky-oss.inboyu.com/upload/39ec0b94-423b-880f-b2bd-4b8a00284aba.jpg，http://vky-oss.inboyu.com/upload/39ec0b94-93bf-8ef4-09f4-0d5952872f0f.jpg，http://vky-oss.inboyu.com/upload/39ec0b94-e133-a859-7e23-92ac898dcd32.jpg', '13313313311', 0, '杭州市萧山区建设四路1651号精峰世纪大厦2幢', 2600, '萧山区', '杭州'),
(21, 'http://vky-oss.inboyu.com/upload/39f26d6e-6778-dfc9-ab71-f302c0377ac0.jpg?x-oss-process=image/resize,w_240,h_180', '泊寓-北宸店', '长租一年优惠，独立卫浴，24小时安保服务', 'http://vky-oss.inboyu.com/upload/39ec0b96-b3fd-5f26-b309-77de6c051230.jpg，http://vky-oss.inboyu.com/upload/39f15be0-5486-762b-b5c5-3538804134f4.jpg，http://vky-oss.inboyu.com/upload/39f15be3-ca74-a4b3-eb7b-c62d2ebbca3a.jpg，http://vky-oss.inboyu.com/upload/39ec0b94-423b-880f-b2bd-4b8a00284aba.jpg，http://vky-oss.inboyu.com/upload/39ec0b94-93bf-8ef4-09f4-0d5952872f0f.jpg，http://vky-oss.inboyu.com/upload/39ec0b94-e133-a859-7e23-92ac898dcd32.jpg', '13313313311', 0, '杭州市余杭区通运路168号南北盛德国际4幢', 1871, '余杭区', '杭州'),
(22, 'http://vky-oss.inboyu.com/upload/39f426cb-9900-095e-0010-96d7c67fa9c8.jpg?x-oss-process=image/resize,w_240,h_180', '泊寓-文一社区店', '长租一年优惠，独立卫浴，24小时安保服务', 'http://vky-oss.inboyu.com/upload/39ec0b96-b3fd-5f26-b309-77de6c051230.jpg，http://vky-oss.inboyu.com/upload/39f15be0-5486-762b-b5c5-3538804134f4.jpg，http://vky-oss.inboyu.com/upload/39f15be3-ca74-a4b3-eb7b-c62d2ebbca3a.jpg，http://vky-oss.inboyu.com/upload/39ec0b94-423b-880f-b2bd-4b8a00284aba.jpg，http://vky-oss.inboyu.com/upload/39ec0b94-93bf-8ef4-09f4-0d5952872f0f.jpg，http://vky-oss.inboyu.com/upload/39ec0b94-e133-a859-7e23-92ac898dcd32.jpg', '13313313311', 0, '杭州市西湖区泊寓(文一社区店)', 1900, '西湖区', '杭州'),
(23, 'http://vky-oss.inboyu.com/upload/39f26701-8fb9-a5bf-01f5-f3cfa91c63f4.jpg?x-oss-process=image/resize,w_240,h_180', '泊寓-莲花社区店', '长租一年优惠，独立卫浴，24小时安保服务', 'http://vky-oss.inboyu.com/upload/39ec0b96-b3fd-5f26-b309-77de6c051230.jpg，http://vky-oss.inboyu.com/upload/39f15be0-5486-762b-b5c5-3538804134f4.jpg，http://vky-oss.inboyu.com/upload/39f15be3-ca74-a4b3-eb7b-c62d2ebbca3a.jpg，http://vky-oss.inboyu.com/upload/39ec0b94-423b-880f-b2bd-4b8a00284aba.jpg，http://vky-oss.inboyu.com/upload/39ec0b94-93bf-8ef4-09f4-0d5952872f0f.jpg，http://vky-oss.inboyu.com/upload/39ec0b94-e133-a859-7e23-92ac898dcd32.jpg', '13313313311', 0, '杭州市西湖区紫荆花路50号', 1799, '西湖区', '杭州'),
(24, 'http://vky-oss.inboyu.com/upload/39f2598c-5d3c-8617-011f-23ccef2e42f5.jpg?x-oss-process=image/resize,w_240,h_180', '泊寓-方舟店', '长租一年优惠，独立卫浴，24小时安保服务', 'http://vky-oss.inboyu.com/upload/39ec0b96-b3fd-5f26-b309-77de6c051230.jpg，http://vky-oss.inboyu.com/upload/39f15be0-5486-762b-b5c5-3538804134f4.jpg，http://vky-oss.inboyu.com/upload/39f15be3-ca74-a4b3-eb7b-c62d2ebbca3a.jpg，http://vky-oss.inboyu.com/upload/39ec0b94-423b-880f-b2bd-4b8a00284aba.jpg，http://vky-oss.inboyu.com/upload/39ec0b94-93bf-8ef4-09f4-0d5952872f0f.jpg，http://vky-oss.inboyu.com/upload/39ec0b94-e133-a859-7e23-92ac898dcd32.jpg', '13313313311', 0, '江干区丁桥丁兰广场斜对面（丁兰路与明珠街交叉口往东约100米）', 905, '江干区', '杭州'),
(25, 'http://vky-oss.inboyu.com/upload/39f26da1-474c-5695-ca03-0f2f6e234058.jpg?x-oss-process=image/resize,w_240,h_180', '泊寓-海港城社区店', '长租一年优惠，独立卫浴，24小时安保服务', 'http://vky-oss.inboyu.com/upload/39ec0b96-b3fd-5f26-b309-77de6c051230.jpg，http://vky-oss.inboyu.com/upload/39f15be0-5486-762b-b5c5-3538804134f4.jpg，http://vky-oss.inboyu.com/upload/39f15be3-ca74-a4b3-eb7b-c62d2ebbca3a.jpg，http://vky-oss.inboyu.com/upload/39ec0b94-423b-880f-b2bd-4b8a00284aba.jpg，http://vky-oss.inboyu.com/upload/39ec0b94-93bf-8ef4-09f4-0d5952872f0f.jpg，http://vky-oss.inboyu.com/upload/39ec0b94-e133-a859-7e23-92ac898dcd32.jpg', '13313313311', 0, '杭州市余杭区文一西路954号西溪泊岸1幢', 2272, '余杭区', '杭州'),
(26, 'http://vky-oss.inboyu.com/upload/39f2688c-824a-09fd-9b69-0a50b807fc17.jpg?x-oss-process=image/resize,w_240,h_180', '泊寓-α西溪店', '长租一年优惠，独立卫浴，24小时安保服务', 'http://vky-oss.inboyu.com/upload/39ec0b96-b3fd-5f26-b309-77de6c051230.jpg，http://vky-oss.inboyu.com/upload/39f15be0-5486-762b-b5c5-3538804134f4.jpg，http://vky-oss.inboyu.com/upload/39f15be3-ca74-a4b3-eb7b-c62d2ebbca3a.jpg，http://vky-oss.inboyu.com/upload/39ec0b94-423b-880f-b2bd-4b8a00284aba.jpg，http://vky-oss.inboyu.com/upload/39ec0b94-93bf-8ef4-09f4-0d5952872f0f.jpg，http://vky-oss.inboyu.com/upload/39ec0b94-e133-a859-7e23-92ac898dcd32.jpg', '13313313311', 0, '杭州市西湖区西溪路908号', 2199, '西湖区', '杭州'),
(27, 'http://vky-oss.inboyu.com/upload/39f29f74-a7c9-74b5-5370-8c389d48cc77.jpg', '泊寓-兰德店', '长租一年优惠，独立卫浴，24小时安保服务', 'http://vky-oss.inboyu.com/upload/39ec0b96-b3fd-5f26-b309-77de6c051230.jpg，http://vky-oss.inboyu.com/upload/39f15be0-5486-762b-b5c5-3538804134f4.jpg，http://vky-oss.inboyu.com/upload/39f15be3-ca74-a4b3-eb7b-c62d2ebbca3a.jpg，http://vky-oss.inboyu.com/upload/39ec0b94-423b-880f-b2bd-4b8a00284aba.jpg，http://vky-oss.inboyu.com/upload/39ec0b94-93bf-8ef4-09f4-0d5952872f0f.jpg，http://vky-oss.inboyu.com/upload/39ec0b94-e133-a859-7e23-92ac898dcd32.jpg', '13313313311', 0, '南京市栖霞区灵山北路18号5栋、10栋', 1320, '栖霞区', '南京'),
(28, 'http://vky-oss.inboyu.com/upload/39efbab0-6ede-1203-97fc-70fb13a938f5.jpg', '泊寓-门西店', '长租一年优惠，独立卫浴，24小时安保服务', 'http://vky-oss.inboyu.com/upload/39ec0b96-b3fd-5f26-b309-77de6c051230.jpg，http://vky-oss.inboyu.com/upload/39f15be0-5486-762b-b5c5-3538804134f4.jpg，http://vky-oss.inboyu.com/upload/39f15be3-ca74-a4b3-eb7b-c62d2ebbca3a.jpg，http://vky-oss.inboyu.com/upload/39ec0b94-423b-880f-b2bd-4b8a00284aba.jpg，http://vky-oss.inboyu.com/upload/39ec0b94-93bf-8ef4-09f4-0d5952872f0f.jpg，http://vky-oss.inboyu.com/upload/39ec0b94-e133-a859-7e23-92ac898dcd32.jpg', '13313313311', 0, '南京市秦淮区凤游寺路52号悦动新门西产业园3栋', 2900, '秦淮区', '南京'),
(29, 'http://vky-oss.inboyu.com/upload/39f29f76-3d21-d2a6-5177-2355cdddd442.jpg', '泊寓-萨家湾店', '长租一年优惠，独立卫浴，24小时安保服务', 'http://vky-oss.inboyu.com/upload/39ec0b96-b3fd-5f26-b309-77de6c051230.jpg，http://vky-oss.inboyu.com/upload/39f15be0-5486-762b-b5c5-3538804134f4.jpg，http://vky-oss.inboyu.com/upload/39f15be3-ca74-a4b3-eb7b-c62d2ebbca3a.jpg，http://vky-oss.inboyu.com/upload/39ec0b94-423b-880f-b2bd-4b8a00284aba.jpg，http://vky-oss.inboyu.com/upload/39ec0b94-93bf-8ef4-09f4-0d5952872f0f.jpg，http://vky-oss.inboyu.com/upload/39ec0b94-e133-a859-7e23-92ac898dcd32.jpg', '13313313311', 0, '南京市鼓楼区中山北路311号  泊寓·萨家湾店', 1800, '鼓楼区', '南京'),
(30, 'http://vky-oss.inboyu.com/upload/39f29f7a-6c6b-e092-36f1-10e4834078fc.jpg', '泊寓-滨江大道店', '长租一年优惠，独立卫浴，24小时安保服务', 'http://vky-oss.inboyu.com/upload/39ec0b96-b3fd-5f26-b309-77de6c051230.jpg，http://vky-oss.inboyu.com/upload/39f15be0-5486-762b-b5c5-3538804134f4.jpg，http://vky-oss.inboyu.com/upload/39f15be3-ca74-a4b3-eb7b-c62d2ebbca3a.jpg，http://vky-oss.inboyu.com/upload/39ec0b94-423b-880f-b2bd-4b8a00284aba.jpg，http://vky-oss.inboyu.com/upload/39ec0b94-93bf-8ef4-09f4-0d5952872f0f.jpg，http://vky-oss.inboyu.com/upload/39ec0b94-e133-a859-7e23-92ac898dcd32.jpg', '13313313311', 0, '浦口区滨江大道396号扬子江新金融创意街区17栋', 1579, '浦口区', '南京'),
(31, 'http://vky-oss.inboyu.com/upload/39f29f83-38ac-370d-ee3c-1ebe5c4d3e8a.jpg?x-oss-process=image/resize,w_240,h_180', '泊寓-众彩店', '长租一年优惠，独立卫浴，24小时安保服务', 'http://vky-oss.inboyu.com/upload/39ec0b96-b3fd-5f26-b309-77de6c051230.jpg，http://vky-oss.inboyu.com/upload/39f15be0-5486-762b-b5c5-3538804134f4.jpg，http://vky-oss.inboyu.com/upload/39f15be3-ca74-a4b3-eb7b-c62d2ebbca3a.jpg，http://vky-oss.inboyu.com/upload/39ec0b94-423b-880f-b2bd-4b8a00284aba.jpg，http://vky-oss.inboyu.com/upload/39ec0b94-93bf-8ef4-09f4-0d5952872f0f.jpg，http://vky-oss.inboyu.com/upload/39ec0b94-e133-a859-7e23-92ac898dcd32.jpg', '13313313311', 0, '南京市江宁区东麒路66号4栋、5栋', 1400, '江宁区', '南京'),
(32, 'http://vky-oss.inboyu.com/upload/39f1faa6-205c-31a8-17a4-5dea7ca5036b.jpg', '泊寓-五羊邨二店', '长租一年优惠，独立卫浴，24小时安保服务', 'http://vky-oss.inboyu.com/upload/39ec0b96-b3fd-5f26-b309-77de6c051230.jpg，http://vky-oss.inboyu.com/upload/39f15be0-5486-762b-b5c5-3538804134f4.jpg，http://vky-oss.inboyu.com/upload/39f15be3-ca74-a4b3-eb7b-c62d2ebbca3a.jpg，http://vky-oss.inboyu.com/upload/39ec0b94-423b-880f-b2bd-4b8a00284aba.jpg，http://vky-oss.inboyu.com/upload/39ec0b94-93bf-8ef4-09f4-0d5952872f0f.jpg，http://vky-oss.inboyu.com/upload/39ec0b94-e133-a859-7e23-92ac898dcd32.jpg', '13313313311', 0, '广州市越秀区泊寓(五羊邨二店)', 3849, '越秀区', '广州'),
(33, 'http://vky-oss.inboyu.com/upload/39eab2d8-7ca5-a771-b662-7f702472310a.jpg', '泊寓-大石三店', '长租一年优惠，独立卫浴，24小时安保服务', 'http://vky-oss.inboyu.com/upload/39ec0b96-b3fd-5f26-b309-77de6c051230.jpg，http://vky-oss.inboyu.com/upload/39f15be0-5486-762b-b5c5-3538804134f4.jpg，http://vky-oss.inboyu.com/upload/39f15be3-ca74-a4b3-eb7b-c62d2ebbca3a.jpg，http://vky-oss.inboyu.com/upload/39ec0b94-423b-880f-b2bd-4b8a00284aba.jpg，http://vky-oss.inboyu.com/upload/39ec0b94-93bf-8ef4-09f4-0d5952872f0f.jpg，http://vky-oss.inboyu.com/upload/39ec0b94-e133-a859-7e23-92ac898dcd32.jpg', '13313313311', 0, '广东省广州市番禺区大石礼村工业五路4号', 899, '番禺区', '广州'),
(34, 'http://vky-oss.inboyu.com/upload/39eb87e0-638b-eb6b-b8d1-c9ce444a6e70.jpg', '泊寓-大石店', '长租一年优惠，独立卫浴，24小时安保服务', 'http://vky-oss.inboyu.com/upload/39ec0b96-b3fd-5f26-b309-77de6c051230.jpg，http://vky-oss.inboyu.com/upload/39f15be0-5486-762b-b5c5-3538804134f4.jpg，http://vky-oss.inboyu.com/upload/39f15be3-ca74-a4b3-eb7b-c62d2ebbca3a.jpg，http://vky-oss.inboyu.com/upload/39ec0b94-423b-880f-b2bd-4b8a00284aba.jpg，http://vky-oss.inboyu.com/upload/39ec0b94-93bf-8ef4-09f4-0d5952872f0f.jpg，http://vky-oss.inboyu.com/upload/39ec0b94-e133-a859-7e23-92ac898dcd32.jpg', '13313313311', 0, '广州市番禺区大石礼村工业五路5号', 899, '番禺区', '广州'),
(35, 'http://vky-oss.inboyu.com/upload/39e9f540-34fd-72c6-05ab-402b1f209596.jpg', '泊寓-市桥店', '长租一年优惠，独立卫浴，24小时安保服务', 'http://vky-oss.inboyu.com/upload/39ec0b96-b3fd-5f26-b309-77de6c051230.jpg，http://vky-oss.inboyu.com/upload/39f15be0-5486-762b-b5c5-3538804134f4.jpg，http://vky-oss.inboyu.com/upload/39f15be3-ca74-a4b3-eb7b-c62d2ebbca3a.jpg，http://vky-oss.inboyu.com/upload/39ec0b94-423b-880f-b2bd-4b8a00284aba.jpg，http://vky-oss.inboyu.com/upload/39ec0b94-93bf-8ef4-09f4-0d5952872f0f.jpg，http://vky-oss.inboyu.com/upload/39ec0b94-e133-a859-7e23-92ac898dcd32.jpg', '13313313311', 0, '广州市番禺区东环路192号', 699, '番禺区', '广州'),
(36, 'http://vky-oss.inboyu.com/upload/39ea034e-86bb-a18a-fcd9-9d6e124f7cab.jpg?x-oss-process=image/resize,w_240,h_180', '泊寓-文冲店', '长租一年优惠，独立卫浴，24小时安保服务', 'http://vky-oss.inboyu.com/upload/39ec0b96-b3fd-5f26-b309-77de6c051230.jpg，http://vky-oss.inboyu.com/upload/39f15be0-5486-762b-b5c5-3538804134f4.jpg，http://vky-oss.inboyu.com/upload/39f15be3-ca74-a4b3-eb7b-c62d2ebbca3a.jpg，http://vky-oss.inboyu.com/upload/39ec0b94-423b-880f-b2bd-4b8a00284aba.jpg，http://vky-oss.inboyu.com/upload/39ec0b94-93bf-8ef4-09f4-0d5952872f0f.jpg，http://vky-oss.inboyu.com/upload/39ec0b94-e133-a859-7e23-92ac898dcd32.jpg', '13313313311', 0, '广州市黄埔区黄埔大道东1080号万科黄埔仓(黄埔客运站旁)', 888, '黄埔区', '广州'),
(37, 'http://vky-oss.inboyu.com/upload/39ea0347-8f05-9e72-a51f-0380fdd64c9a.jpg?x-oss-process=image/resize,w_240,h_180', '泊寓-云城一期店', '长租一年优惠，独立卫浴，24小时安保服务', 'http://vky-oss.inboyu.com/upload/39ec0b96-b3fd-5f26-b309-77de6c051230.jpg，http://vky-oss.inboyu.com/upload/39f15be0-5486-762b-b5c5-3538804134f4.jpg，http://vky-oss.inboyu.com/upload/39f15be3-ca74-a4b3-eb7b-c62d2ebbca3a.jpg，http://vky-oss.inboyu.com/upload/39ec0b94-423b-880f-b2bd-4b8a00284aba.jpg，http://vky-oss.inboyu.com/upload/39ec0b94-93bf-8ef4-09f4-0d5952872f0f.jpg，http://vky-oss.inboyu.com/upload/39ec0b94-e133-a859-7e23-92ac898dcd32.jpg', '13313313311', 0, '广州市天河区华观路与高塘路交汇处万科云城', 3889, '天河区', '广州'),
(38, 'http://vky-oss.inboyu.com/upload/39efd010-8920-559e-4b54-545e374f515d.png?x-oss-process=image/resize,w_240,h_180', '泊寓-棠下店', '长租一年优惠，独立卫浴，24小时安保服务', 'http://vky-oss.inboyu.com/upload/39ec0b96-b3fd-5f26-b309-77de6c051230.jpg，http://vky-oss.inboyu.com/upload/39f15be0-5486-762b-b5c5-3538804134f4.jpg，http://vky-oss.inboyu.com/upload/39f15be3-ca74-a4b3-eb7b-c62d2ebbca3a.jpg，http://vky-oss.inboyu.com/upload/39ec0b94-423b-880f-b2bd-4b8a00284aba.jpg，http://vky-oss.inboyu.com/upload/39ec0b94-93bf-8ef4-09f4-0d5952872f0f.jpg，http://vky-oss.inboyu.com/upload/39ec0b94-e133-a859-7e23-92ac898dcd32.jpg', '13313313311', 0, '广州市天河区棠下大片路39号（天河区安安幼儿园对面）', 1299, '天河区', '广州'),
(39, 'http://vky-oss.inboyu.com/upload/39f228db-74b7-7565-9d5e-cb04cd60910c.jpg?x-oss-process=image/resize,w_240,h_180', '泊寓-横沙店', '长租一年优惠，独立卫浴，24小时安保服务', 'http://vky-oss.inboyu.com/upload/39ec0b96-b3fd-5f26-b309-77de6c051230.jpg，http://vky-oss.inboyu.com/upload/39f15be0-5486-762b-b5c5-3538804134f4.jpg，http://vky-oss.inboyu.com/upload/39f15be3-ca74-a4b3-eb7b-c62d2ebbca3a.jpg，http://vky-oss.inboyu.com/upload/39ec0b94-423b-880f-b2bd-4b8a00284aba.jpg，http://vky-oss.inboyu.com/upload/39ec0b94-93bf-8ef4-09f4-0d5952872f0f.jpg，http://vky-oss.inboyu.com/upload/39ec0b94-e133-a859-7e23-92ac898dcd32.jpg', '13313313311', 0, '广州市白云区金沙街环洲四路十号', 844, '白云区', '广州'),
(40, 'http://vky-oss.inboyu.com/upload/39eb251b-c3da-ba20-0bcf-00a17754b7d7.jpg?x-oss-process=image/resize,w_240,h_180', '泊寓-科学城店', '长租一年优惠，独立卫浴，24小时安保服务', 'http://vky-oss.inboyu.com/upload/39ec0b96-b3fd-5f26-b309-77de6c051230.jpg，http://vky-oss.inboyu.com/upload/39f15be0-5486-762b-b5c5-3538804134f4.jpg，http://vky-oss.inboyu.com/upload/39f15be3-ca74-a4b3-eb7b-c62d2ebbca3a.jpg，http://vky-oss.inboyu.com/upload/39ec0b94-423b-880f-b2bd-4b8a00284aba.jpg，http://vky-oss.inboyu.com/upload/39ec0b94-93bf-8ef4-09f4-0d5952872f0f.jpg，http://vky-oss.inboyu.com/upload/39ec0b94-e133-a859-7e23-92ac898dcd32.jpg', '13313313311', 0, '广州市黄埔区神舟路867号泊寓(科学城店)', 1599, '黄埔区', '广州'),
(41, 'http://vky-oss.inboyu.com/upload/39ea3d7f-8a20-c143-a7d8-f699e46f8566.jpg?x-oss-process=image/resize,w_240,h_180', '泊寓-大石二店', '长租一年优惠，独立卫浴，24小时安保服务', 'http://vky-oss.inboyu.com/upload/39ec0b96-b3fd-5f26-b309-77de6c051230.jpg，http://vky-oss.inboyu.com/upload/39f15be0-5486-762b-b5c5-3538804134f4.jpg，http://vky-oss.inboyu.com/upload/39f15be3-ca74-a4b3-eb7b-c62d2ebbca3a.jpg，http://vky-oss.inboyu.com/upload/39ec0b94-423b-880f-b2bd-4b8a00284aba.jpg，http://vky-oss.inboyu.com/upload/39ec0b94-93bf-8ef4-09f4-0d5952872f0f.jpg，http://vky-oss.inboyu.com/upload/39ec0b94-e133-a859-7e23-92ac898dcd32.jpg', '13313313311', 0, '广州市番禺区大石街道穗南路20号泊寓(大石二店)', 2099, '番禺区', '广州'),
(42, 'http://vky-oss.inboyu.com/upload/39e82afd-02e7-c111-7a0f-4f7e94ea68b2.jpg', '泊寓-葑亭大道店', '长租一年优惠，独立卫浴，24小时安保服务', 'http://vky-oss.inboyu.com/upload/39ec0b96-b3fd-5f26-b309-77de6c051230.jpg，http://vky-oss.inboyu.com/upload/39f15be0-5486-762b-b5c5-3538804134f4.jpg，http://vky-oss.inboyu.com/upload/39f15be3-ca74-a4b3-eb7b-c62d2ebbca3a.jpg，http://vky-oss.inboyu.com/upload/39ec0b94-423b-880f-b2bd-4b8a00284aba.jpg，http://vky-oss.inboyu.com/upload/39ec0b94-93bf-8ef4-09f4-0d5952872f0f.jpg，http://vky-oss.inboyu.com/upload/39ec0b94-e133-a859-7e23-92ac898dcd32.jpg', '13313313311', 0, '苏州市苏州工业园区葑亭大道608号', 1980, '工业园区', '苏州'),
(43, 'http://vky-oss.inboyu.com/upload/39f0e57c-49ac-5919-09d5-de8f321b6dce.jpg', '泊寓-盘门店', '长租一年优惠，独立卫浴，24小时安保服务', 'http://vky-oss.inboyu.com/upload/39ec0b96-b3fd-5f26-b309-77de6c051230.jpg，http://vky-oss.inboyu.com/upload/39f15be0-5486-762b-b5c5-3538804134f4.jpg，http://vky-oss.inboyu.com/upload/39f15be3-ca74-a4b3-eb7b-c62d2ebbca3a.jpg，http://vky-oss.inboyu.com/upload/39ec0b94-423b-880f-b2bd-4b8a00284aba.jpg，http://vky-oss.inboyu.com/upload/39ec0b94-93bf-8ef4-09f4-0d5952872f0f.jpg，http://vky-oss.inboyu.com/upload/39ec0b94-e133-a859-7e23-92ac898dcd32.jpg', '13313313311', 0, '苏州市姑苏区新市路282号', 1110, '姑苏区', '苏州'),
(44, 'http://vky-oss.inboyu.com/upload/39f24ddc-00be-0163-7d51-336e0cb225c4.jpg', '泊寓-石路社区店', '长租一年优惠，独立卫浴，24小时安保服务', 'http://vky-oss.inboyu.com/upload/39ec0b96-b3fd-5f26-b309-77de6c051230.jpg，http://vky-oss.inboyu.com/upload/39f15be0-5486-762b-b5c5-3538804134f4.jpg，http://vky-oss.inboyu.com/upload/39f15be3-ca74-a4b3-eb7b-c62d2ebbca3a.jpg，http://vky-oss.inboyu.com/upload/39ec0b94-423b-880f-b2bd-4b8a00284aba.jpg，http://vky-oss.inboyu.com/upload/39ec0b94-93bf-8ef4-09f4-0d5952872f0f.jpg，http://vky-oss.inboyu.com/upload/39ec0b94-e133-a859-7e23-92ac898dcd32.jpg', '13313313311', 0, '苏州市姑苏区金门路485号泊寓石路社区', 1936, '姑苏区', '苏州'),
(45, 'http://vky-oss.inboyu.com/upload/39f24de6-db53-a21e-5cfa-b7de30a33042.jpg', '泊寓-枫江创智店', '长租一年优惠，独立卫浴，24小时安保服务', 'http://vky-oss.inboyu.com/upload/39ec0b96-b3fd-5f26-b309-77de6c051230.jpg，http://vky-oss.inboyu.com/upload/39f15be0-5486-762b-b5c5-3538804134f4.jpg，http://vky-oss.inboyu.com/upload/39f15be3-ca74-a4b3-eb7b-c62d2ebbca3a.jpg，http://vky-oss.inboyu.com/upload/39ec0b94-423b-880f-b2bd-4b8a00284aba.jpg，http://vky-oss.inboyu.com/upload/39ec0b94-93bf-8ef4-09f4-0d5952872f0f.jpg，http://vky-oss.inboyu.com/upload/39ec0b94-e133-a859-7e23-92ac898dcd32.jpg', '13313313311', 0, '江苏省苏州市珠江南路221号枫江集宿5#号楼', 1833, '吴中区', '苏州'),
(46, 'http://vky-oss.inboyu.com/upload/39f24e43-2d47-6863-222e-e99ae9e77f9e.jpg', '泊寓-普阳街店', '长租一年优惠，独立卫浴，24小时安保服务', 'http://vky-oss.inboyu.com/upload/39ec0b96-b3fd-5f26-b309-77de6c051230.jpg，http://vky-oss.inboyu.com/upload/39f15be0-5486-762b-b5c5-3538804134f4.jpg，http://vky-oss.inboyu.com/upload/39f15be3-ca74-a4b3-eb7b-c62d2ebbca3a.jpg，http://vky-oss.inboyu.com/upload/39ec0b94-423b-880f-b2bd-4b8a00284aba.jpg，http://vky-oss.inboyu.com/upload/39ec0b94-93bf-8ef4-09f4-0d5952872f0f.jpg，http://vky-oss.inboyu.com/upload/39ec0b94-e133-a859-7e23-92ac898dcd32.jpg', '13313313311', 0, '长春市绿园区普阳街与阳光路交汇，普阳街北行100米', 1328, '绿园区', '长春'),
(47, 'http://vky-oss.inboyu.com/upload/39f252d1-7bcd-d533-0b23-5642e69fbb4b.jpg', '泊寓-胜利大街店一期', '长租一年优惠，独立卫浴，24小时安保服务', 'http://vky-oss.inboyu.com/upload/39ec0b96-b3fd-5f26-b309-77de6c051230.jpg，http://vky-oss.inboyu.com/upload/39f15be0-5486-762b-b5c5-3538804134f4.jpg，http://vky-oss.inboyu.com/upload/39f15be3-ca74-a4b3-eb7b-c62d2ebbca3a.jpg，http://vky-oss.inboyu.com/upload/39ec0b94-423b-880f-b2bd-4b8a00284aba.jpg，http://vky-oss.inboyu.com/upload/39ec0b94-93bf-8ef4-09f4-0d5952872f0f.jpg，http://vky-oss.inboyu.com/upload/39ec0b94-e133-a859-7e23-92ac898dcd32.jpg', '13313313311', 0, '上海路与胜利大街交汇', 666, '宽城区', '长春'),
(48, 'http://vky-oss.inboyu.com/upload/39f252e4-e3e0-9ae9-0b35-22be78a4a9d9.jpg', '泊寓-会展中心店', '长租一年优惠，独立卫浴，24小时安保服务', 'http://vky-oss.inboyu.com/upload/39ec0b96-b3fd-5f26-b309-77de6c051230.jpg，http://vky-oss.inboyu.com/upload/39f15be0-5486-762b-b5c5-3538804134f4.jpg，http://vky-oss.inboyu.com/upload/39f15be3-ca74-a4b3-eb7b-c62d2ebbca3a.jpg，http://vky-oss.inboyu.com/upload/39ec0b94-423b-880f-b2bd-4b8a00284aba.jpg，http://vky-oss.inboyu.com/upload/39ec0b94-93bf-8ef4-09f4-0d5952872f0f.jpg，http://vky-oss.inboyu.com/upload/39ec0b94-e133-a859-7e23-92ac898dcd32.jpg', '13313313311', 0, '会展中心地铁站南东皇银河家园4期56栋', 1950, '经开区', '长春'),
(49, 'http://vky-oss.inboyu.com/upload/39f27bec-d007-2e79-1eaa-6f5717ff8a00.jpg', '泊寓-建设街店', '长租一年优惠，独立卫浴，24小时安保服务', 'http://vky-oss.inboyu.com/upload/39ec0b96-b3fd-5f26-b309-77de6c051230.jpg，http://vky-oss.inboyu.com/upload/39f15be0-5486-762b-b5c5-3538804134f4.jpg，http://vky-oss.inboyu.com/upload/39f15be3-ca74-a4b3-eb7b-c62d2ebbca3a.jpg，http://vky-oss.inboyu.com/upload/39ec0b94-423b-880f-b2bd-4b8a00284aba.jpg，http://vky-oss.inboyu.com/upload/39ec0b94-93bf-8ef4-09f4-0d5952872f0f.jpg，http://vky-oss.inboyu.com/upload/39ec0b94-e133-a859-7e23-92ac898dcd32.jpg', '13313313311', 0, '长春市朝阳区建设街1722号（泊寓建设街店）', 1368, '朝阳区', '长春'),
(50, 'http://vky-oss.inboyu.com/upload/39f27cdd-e035-ef7e-cbeb-b143df00a172.jpg?x-oss-process=image/resize,w_240,h_180', '泊寓-珠海路店', '长租一年优惠，独立卫浴，24小时安保服务', 'http://vky-oss.inboyu.com/upload/39ec0b96-b3fd-5f26-b309-77de6c051230.jpg，http://vky-oss.inboyu.com/upload/39f15be0-5486-762b-b5c5-3538804134f4.jpg，http://vky-oss.inboyu.com/upload/39f15be3-ca74-a4b3-eb7b-c62d2ebbca3a.jpg，http://vky-oss.inboyu.com/upload/39ec0b94-423b-880f-b2bd-4b8a00284aba.jpg，http://vky-oss.inboyu.com/upload/39ec0b94-93bf-8ef4-09f4-0d5952872f0f.jpg，http://vky-oss.inboyu.com/upload/39ec0b94-e133-a859-7e23-92ac898dcd32.jpg', '13313313311', 0, '长春市二道区临河街/珠海路(西行300m）', 1180, '二道区', '长春'),
(51, 'http://vky-oss.inboyu.com/upload/39f281ef-ef47-eb04-7c62-e56f52fa243f.jpg?x-oss-process=image/resize,w_240,h_180', '泊寓-硅谷大街店', '长租一年优惠，独立卫浴，24小时安保服务', 'http://vky-oss.inboyu.com/upload/39ec0b96-b3fd-5f26-b309-77de6c051230.jpg，http://vky-oss.inboyu.com/upload/39f15be0-5486-762b-b5c5-3538804134f4.jpg，http://vky-oss.inboyu.com/upload/39f15be3-ca74-a4b3-eb7b-c62d2ebbca3a.jpg，http://vky-oss.inboyu.com/upload/39ec0b94-423b-880f-b2bd-4b8a00284aba.jpg，http://vky-oss.inboyu.com/upload/39ec0b94-93bf-8ef4-09f4-0d5952872f0f.jpg，http://vky-oss.inboyu.com/upload/39ec0b94-e133-a859-7e23-92ac898dcd32.jpg', '13313313311', 0, '长春市高新区硅谷大街与佳园路交会南行100米浦发银行后身', 1200, '高新区', '长春'),
(52, 'http://vky-oss.inboyu.com/upload/39f2b923-8e34-99b2-2ff2-3c453e515721.jpg?x-oss-process=image/resize,w_240,h_180', '泊寓-胜利大街店二期', '长租一年优惠，独立卫浴，24小时安保服务', 'http://vky-oss.inboyu.com/upload/39ec0b96-b3fd-5f26-b309-77de6c051230.jpg，http://vky-oss.inboyu.com/upload/39f15be0-5486-762b-b5c5-3538804134f4.jpg，http://vky-oss.inboyu.com/upload/39f15be3-ca74-a4b3-eb7b-c62d2ebbca3a.jpg，http://vky-oss.inboyu.com/upload/39ec0b94-423b-880f-b2bd-4b8a00284aba.jpg，http://vky-oss.inboyu.com/upload/39ec0b94-93bf-8ef4-09f4-0d5952872f0f.jpg，http://vky-oss.inboyu.com/upload/39ec0b94-e133-a859-7e23-92ac898dcd32.jpg', '13313313311', 0, '长春市宽城区胜利大街1215号', 1111, '宽城区', '长春'),
(53, 'http://vky-oss.inboyu.com/upload/39f26cef-5f64-ba0a-5b39-ee3ebe413652.jpg?x-oss-process=image/resize,w_240,h_180', '泊寓-东新路店', '长租一年优惠，独立卫浴，24小时安保服务', 'http://vky-oss.inboyu.com/upload/39ec0b96-b3fd-5f26-b309-77de6c051230.jpg，http://vky-oss.inboyu.com/upload/39f15be0-5486-762b-b5c5-3538804134f4.jpg，http://vky-oss.inboyu.com/upload/39f15be3-ca74-a4b3-eb7b-c62d2ebbca3a.jpg，http://vky-oss.inboyu.com/upload/39ec0b94-423b-880f-b2bd-4b8a00284aba.jpg，http://vky-oss.inboyu.com/upload/39ec0b94-93bf-8ef4-09f4-0d5952872f0f.jpg，http://vky-oss.inboyu.com/upload/39ec0b94-e133-a859-7e23-92ac898dcd32.jpg', '13313313311', 0, '长春市二道区泊寓-东新路店', 2000, '二道区', '长春'),
(54, 'http://vky-oss.inboyu.com/upload/39f27cd7-3255-e6c8-b18b-86abbf6f4743.jpg?x-oss-process=image/resize,w_240,h_180', '泊寓-人民广场店', '长租一年优惠，独立卫浴，24小时安保服务', 'http://vky-oss.inboyu.com/upload/39ec0b96-b3fd-5f26-b309-77de6c051230.jpg，http://vky-oss.inboyu.com/upload/39f15be0-5486-762b-b5c5-3538804134f4.jpg，http://vky-oss.inboyu.com/upload/39f15be3-ca74-a4b3-eb7b-c62d2ebbca3a.jpg，http://vky-oss.inboyu.com/upload/39ec0b94-423b-880f-b2bd-4b8a00284aba.jpg，http://vky-oss.inboyu.com/upload/39ec0b94-93bf-8ef4-09f4-0d5952872f0f.jpg，http://vky-oss.inboyu.com/upload/39ec0b94-e133-a859-7e23-92ac898dcd32.jpg', '13313313311', 0, '长春市南关区长春大街与近埠街交汇处', 1655, '南关区', '长春'),
(55, 'http://vky-oss.inboyu.com/upload/39f281fb-67f2-7342-57bd-3bc20ba529c9.jpg?x-oss-process=image/resize,w_240,h_180', '泊寓-硅谷大街2店', '长租一年优惠，独立卫浴，24小时安保服务', 'http://vky-oss.inboyu.com/upload/39ec0b96-b3fd-5f26-b309-77de6c051230.jpg，http://vky-oss.inboyu.com/upload/39f15be0-5486-762b-b5c5-3538804134f4.jpg，http://vky-oss.inboyu.com/upload/39f15be3-ca74-a4b3-eb7b-c62d2ebbca3a.jpg，http://vky-oss.inboyu.com/upload/39ec0b94-423b-880f-b2bd-4b8a00284aba.jpg，http://vky-oss.inboyu.com/upload/39ec0b94-93bf-8ef4-09f4-0d5952872f0f.jpg，http://vky-oss.inboyu.com/upload/39ec0b94-e133-a859-7e23-92ac898dcd32.jpg', '13313313311', 0, '硅谷大街佳园路交汇南100米浦发银行后', 1278, '高新区', '长春'),
(56, 'http://vky-oss.inboyu.com/upload/39f27ba9-fccc-fdac-1abe-f5c90cb9f80f.jpg?x-oss-process=image/resize,w_240,h_180', '泊寓-青年路店', '长租一年优惠，独立卫浴，24小时安保服务', 'http://vky-oss.inboyu.com/upload/39ec0b96-b3fd-5f26-b309-77de6c051230.jpg，http://vky-oss.inboyu.com/upload/39f15be0-5486-762b-b5c5-3538804134f4.jpg，http://vky-oss.inboyu.com/upload/39f15be3-ca74-a4b3-eb7b-c62d2ebbca3a.jpg，http://vky-oss.inboyu.com/upload/39ec0b94-423b-880f-b2bd-4b8a00284aba.jpg，http://vky-oss.inboyu.com/upload/39ec0b94-93bf-8ef4-09f4-0d5952872f0f.jpg，http://vky-oss.inboyu.com/upload/39ec0b94-e133-a859-7e23-92ac898dcd32.jpg', '13313313311', 0, '长春市绿园区青年路/青林路(路口)', 1100, '绿园区', '长春'),
(57, 'http://vky-oss.inboyu.com/upload/39f64fcc-dcb6-37f4-8665-906367dd7620.png?x-oss-process=image/resize,w_240,h_180', '泊寓-横琴上村店', '长租一年优惠，独立卫浴，24小时安保服务', 'http://vky-oss.inboyu.com/upload/39ec0b96-b3fd-5f26-b309-77de6c051230.jpg，http://vky-oss.inboyu.com/upload/39f15be0-5486-762b-b5c5-3538804134f4.jpg，http://vky-oss.inboyu.com/upload/39f15be3-ca74-a4b3-eb7b-c62d2ebbca3a.jpg，http://vky-oss.inboyu.com/upload/39ec0b94-423b-880f-b2bd-4b8a00284aba.jpg，http://vky-oss.inboyu.com/upload/39ec0b94-93bf-8ef4-09f4-0d5952872f0f.jpg，http://vky-oss.inboyu.com/upload/39ec0b94-e133-a859-7e23-92ac898dcd32.jpg', '13313313311', 8, '广东省珠海市香洲区横琴镇上村89号', 484, '香洲区', '珠海'),
(58, 'http://vky-oss.inboyu.com/upload/39f6f36e-da9f-f037-2819-fbdb3262888a.png?x-oss-process=image/resize,w_240,h_180', '泊寓-横琴下村店', '长租一年优惠，独立卫浴，24小时安保服务', 'http://vky-oss.inboyu.com/upload/39ec0b96-b3fd-5f26-b309-77de6c051230.jpg，http://vky-oss.inboyu.com/upload/39f15be0-5486-762b-b5c5-3538804134f4.jpg，http://vky-oss.inboyu.com/upload/39f15be3-ca74-a4b3-eb7b-c62d2ebbca3a.jpg，http://vky-oss.inboyu.com/upload/39ec0b94-423b-880f-b2bd-4b8a00284aba.jpg，http://vky-oss.inboyu.com/upload/39ec0b94-93bf-8ef4-09f4-0d5952872f0f.jpg，http://vky-oss.inboyu.com/upload/39ec0b94-e133-a859-7e23-92ac898dcd32.jpg', '13313313311', 4, '珠海市香洲区横琴新区下村139号楼', 539, '香洲区', '珠海'),
(59, 'http://vky-oss.inboyu.com/upload/39f7ef7b-3f8c-d706-5da1-520141969ea6.png?x-oss-process=image/resize,w_240,h_180', '泊寓-横琴向阳店', '长租一年优惠，独立卫浴，24小时安保服务', 'http://vky-oss.inboyu.com/upload/39ec0b96-b3fd-5f26-b309-77de6c051230.jpg，http://vky-oss.inboyu.com/upload/39f15be0-5486-762b-b5c5-3538804134f4.jpg，http://vky-oss.inboyu.com/upload/39f15be3-ca74-a4b3-eb7b-c62d2ebbca3a.jpg，http://vky-oss.inboyu.com/upload/39ec0b94-423b-880f-b2bd-4b8a00284aba.jpg，http://vky-oss.inboyu.com/upload/39ec0b94-93bf-8ef4-09f4-0d5952872f0f.jpg，http://vky-oss.inboyu.com/upload/39ec0b94-e133-a859-7e23-92ac898dcd32.jpg', '13313313311', 9, '珠海市香洲区横琴新区向阳村86号楼', 485, '香洲区', '珠海'),
(60, 'http://vky-oss.inboyu.com/upload/39f650dc-399e-f2c3-a236-cb59677ba27f.png?x-oss-process=image/resize,w_240,h_180', '泊寓-横琴石山店', '长租一年优惠，独立卫浴，24小时安保服务', 'http://vky-oss.inboyu.com/upload/39ec0b96-b3fd-5f26-b309-77de6c051230.jpg，http://vky-oss.inboyu.com/upload/39f15be0-5486-762b-b5c5-3538804134f4.jpg，http://vky-oss.inboyu.com/upload/39f15be3-ca74-a4b3-eb7b-c62d2ebbca3a.jpg，http://vky-oss.inboyu.com/upload/39ec0b94-423b-880f-b2bd-4b8a00284aba.jpg，http://vky-oss.inboyu.com/upload/39ec0b94-93bf-8ef4-09f4-0d5952872f0f.jpg，http://vky-oss.inboyu.com/upload/39ec0b94-e133-a859-7e23-92ac898dcd32.jpg', '13313313311', 13, '珠海市香洲区横琴新区石山村64栋', 749, '香洲区', '珠海'),
(61, 'http://vky-oss.inboyu.com/upload/39f247ba-a46d-0979-95f1-48036725a328.jpg?x-oss-process=image/resize,w_240,h_180', '泊寓-创想公社店', '长租一年优惠，独立卫浴，24小时安保服务', 'http://vky-oss.inboyu.com/upload/39ec0b96-b3fd-5f26-b309-77de6c051230.jpg，http://vky-oss.inboyu.com/upload/39f15be0-5486-762b-b5c5-3538804134f4.jpg，http://vky-oss.inboyu.com/upload/39f15be3-ca74-a4b3-eb7b-c62d2ebbca3a.jpg，http://vky-oss.inboyu.com/upload/39ec0b94-423b-880f-b2bd-4b8a00284aba.jpg，http://vky-oss.inboyu.com/upload/39ec0b94-93bf-8ef4-09f4-0d5952872f0f.jpg，http://vky-oss.inboyu.com/upload/39ec0b94-e133-a859-7e23-92ac898dcd32.jpg', '13313313311', 5, '珠海市香洲区敬业路51号创想公社店', 1499, '香洲区', '珠海'),
(62, 'http://vky-oss.inboyu.com/upload/39f282cb-0691-4679-3b43-6adc33d42e18.png?x-oss-process=image/resize,w_240,h_180', '泊寓-城市之光店', '长租一年优惠，独立卫浴，24小时安保服务', 'http://vky-oss.inboyu.com/upload/39ec0b96-b3fd-5f26-b309-77de6c051230.jpg，http://vky-oss.inboyu.com/upload/39f15be0-5486-762b-b5c5-3538804134f4.jpg，http://vky-oss.inboyu.com/upload/39f15be3-ca74-a4b3-eb7b-c62d2ebbca3a.jpg，http://vky-oss.inboyu.com/upload/39ec0b94-423b-880f-b2bd-4b8a00284aba.jpg，http://vky-oss.inboyu.com/upload/39ec0b94-93bf-8ef4-09f4-0d5952872f0f.jpg，http://vky-oss.inboyu.com/upload/39ec0b94-e133-a859-7e23-92ac898dcd32.jpg', '13313313311', 5, '大连市甘井子区邻和园1号', 0, '甘井子区', '大连'),
(63, 'http://vky-oss.inboyu.com/upload/39f2779d-692a-e395-80b7-61830b341684.jpg?x-oss-process=image/resize,w_240,h_180', '泊寓-三八广场店', '长租一年优惠，独立卫浴，24小时安保服务', 'http://vky-oss.inboyu.com/upload/39ec0b96-b3fd-5f26-b309-77de6c051230.jpg，http://vky-oss.inboyu.com/upload/39f15be0-5486-762b-b5c5-3538804134f4.jpg，http://vky-oss.inboyu.com/upload/39f15be3-ca74-a4b3-eb7b-c62d2ebbca3a.jpg，http://vky-oss.inboyu.com/upload/39ec0b94-423b-880f-b2bd-4b8a00284aba.jpg，http://vky-oss.inboyu.com/upload/39ec0b94-93bf-8ef4-09f4-0d5952872f0f.jpg，http://vky-oss.inboyu.com/upload/39ec0b94-e133-a859-7e23-92ac898dcd32.jpg', '13313313311', 7, '大连市中山区泊寓(三八广场店)', 1650, '中山区', '大连'),
(64, 'http://vky-oss.inboyu.com/upload/39eb0b97-c9f6-d0a5-986c-5035dedb3d67.jpg?x-oss-process=image/resize,w_240,h_180', '泊寓-城市青年人才公寓', '长租一年优惠，独立卫浴，24小时安保服务', 'http://vky-oss.inboyu.com/upload/39ec0b96-b3fd-5f26-b309-77de6c051230.jpg，http://vky-oss.inboyu.com/upload/39f15be0-5486-762b-b5c5-3538804134f4.jpg，http://vky-oss.inboyu.com/upload/39f15be3-ca74-a4b3-eb7b-c62d2ebbca3a.jpg，http://vky-oss.inboyu.com/upload/39ec0b94-423b-880f-b2bd-4b8a00284aba.jpg，http://vky-oss.inboyu.com/upload/39ec0b94-93bf-8ef4-09f4-0d5952872f0f.jpg，http://vky-oss.inboyu.com/upload/39ec0b94-e133-a859-7e23-92ac898dcd32.jpg', '13313313311', 5, '大连市西岗区正源小区-3号楼', 800, '西岗区', '大连'),
(65, 'http://vky-oss.inboyu.com/upload/39f282ef-0bfe-1389-cc82-7a60107cd60d.jpg?x-oss-process=image/resize,w_240,h_180', '泊寓-广贤路店', '长租一年优惠，独立卫浴，24小时安保服务', 'http://vky-oss.inboyu.com/upload/39ec0b96-b3fd-5f26-b309-77de6c051230.jpg，http://vky-oss.inboyu.com/upload/39f15be0-5486-762b-b5c5-3538804134f4.jpg，http://vky-oss.inboyu.com/upload/39f15be3-ca74-a4b3-eb7b-c62d2ebbca3a.jpg，http://vky-oss.inboyu.com/upload/39ec0b94-423b-880f-b2bd-4b8a00284aba.jpg，http://vky-oss.inboyu.com/upload/39ec0b94-93bf-8ef4-09f4-0d5952872f0f.jpg，http://vky-oss.inboyu.com/upload/39ec0b94-e133-a859-7e23-92ac898dcd32.jpg', '13313313311', 4, '大连市高新园区泊寓(广贤路店)', 1244, '高新园区', '大连'),
(66, 'http://vky-oss.inboyu.com/upload/39f282f4-080d-978e-9472-aa31ae4e1ade.jpg?x-oss-process=image/resize,w_240,h_180', '泊寓-新开路店', '长租一年优惠，独立卫浴，24小时安保服务', 'http://vky-oss.inboyu.com/upload/39ec0b96-b3fd-5f26-b309-77de6c051230.jpg，http://vky-oss.inboyu.com/upload/39f15be0-5486-762b-b5c5-3538804134f4.jpg，http://vky-oss.inboyu.com/upload/39f15be3-ca74-a4b3-eb7b-c62d2ebbca3a.jpg，http://vky-oss.inboyu.com/upload/39ec0b94-423b-880f-b2bd-4b8a00284aba.jpg，http://vky-oss.inboyu.com/upload/39ec0b94-93bf-8ef4-09f4-0d5952872f0f.jpg，http://vky-oss.inboyu.com/upload/39ec0b94-e133-a859-7e23-92ac898dcd32.jpg', '13313313311', 4, '大连市西岗区新开路', 1240, '西岗区', '大连'),
(67, 'http://vky-oss.inboyu.com/upload/39f282fa-13d4-ec4f-ac75-5696f963a3e1.jpg?x-oss-process=image/resize,w_240,h_180', '泊寓-城市青年人才公寓二期', '长租一年优惠，独立卫浴，24小时安保服务', 'http://vky-oss.inboyu.com/upload/39ec0b96-b3fd-5f26-b309-77de6c051230.jpg，http://vky-oss.inboyu.com/upload/39f15be0-5486-762b-b5c5-3538804134f4.jpg，http://vky-oss.inboyu.com/upload/39f15be3-ca74-a4b3-eb7b-c62d2ebbca3a.jpg，http://vky-oss.inboyu.com/upload/39ec0b94-423b-880f-b2bd-4b8a00284aba.jpg，http://vky-oss.inboyu.com/upload/39ec0b94-93bf-8ef4-09f4-0d5952872f0f.jpg，http://vky-oss.inboyu.com/upload/39ec0b94-e133-a859-7e23-92ac898dcd32.jpg', '13313313311', 5, '大连市西岗区香炉礁东北路13号楼', 860, '西岗区', '大连'),
(68, 'http://vky-oss.inboyu.com/upload/39f2832d-d927-91f8-5cb9-e9fcfb66529d.jpg?x-oss-process=image/resize,w_240,h_180', '泊寓-城市青年人才公寓三期', '长租一年优惠，独立卫浴，24小时安保服务', 'http://vky-oss.inboyu.com/upload/39ec0b96-b3fd-5f26-b309-77de6c051230.jpg，http://vky-oss.inboyu.com/upload/39f15be0-5486-762b-b5c5-3538804134f4.jpg，http://vky-oss.inboyu.com/upload/39f15be3-ca74-a4b3-eb7b-c62d2ebbca3a.jpg，http://vky-oss.inboyu.com/upload/39ec0b94-423b-880f-b2bd-4b8a00284aba.jpg，http://vky-oss.inboyu.com/upload/39ec0b94-93bf-8ef4-09f4-0d5952872f0f.jpg，http://vky-oss.inboyu.com/upload/39ec0b94-e133-a859-7e23-92ac898dcd32.jpg', '13313313311', 6, '大连市西岗区东北路13号楼', 1040, '西岗区', '大连'),
(69, 'http://vky-oss.inboyu.com/upload/39f253c1-600e-9cf6-82b4-aa964b512370.png?x-oss-process=image/resize,w_240,h_180', '泊寓-金鸡山店', '长租一年优惠，独立卫浴，24小时安保服务', 'http://vky-oss.inboyu.com/upload/39ec0b96-b3fd-5f26-b309-77de6c051230.jpg，http://vky-oss.inboyu.com/upload/39f15be0-5486-762b-b5c5-3538804134f4.jpg，http://vky-oss.inboyu.com/upload/39f15be3-ca74-a4b3-eb7b-c62d2ebbca3a.jpg，http://vky-oss.inboyu.com/upload/39ec0b94-423b-880f-b2bd-4b8a00284aba.jpg，http://vky-oss.inboyu.com/upload/39ec0b94-93bf-8ef4-09f4-0d5952872f0f.jpg，http://vky-oss.inboyu.com/upload/39ec0b94-e133-a859-7e23-92ac898dcd32.jpg', '13313313311', 10, '福州市晋安区福州金鸡山路59号（金鸡山公园南面）', 1255, '晋安区', '福州'),
(70, 'http://vky-oss.inboyu.com/upload/39f25796-02c3-c8d2-3792-88432f33cc80.jpg?x-oss-process=image/resize,w_240,h_180', '泊寓-省体店', '长租一年优惠，独立卫浴，24小时安保服务', 'http://vky-oss.inboyu.com/upload/39ec0b96-b3fd-5f26-b309-77de6c051230.jpg，http://vky-oss.inboyu.com/upload/39f15be0-5486-762b-b5c5-3538804134f4.jpg，http://vky-oss.inboyu.com/upload/39f15be3-ca74-a4b3-eb7b-c62d2ebbca3a.jpg，http://vky-oss.inboyu.com/upload/39ec0b94-423b-880f-b2bd-4b8a00284aba.jpg，http://vky-oss.inboyu.com/upload/39ec0b94-93bf-8ef4-09f4-0d5952872f0f.jpg，http://vky-oss.inboyu.com/upload/39ec0b94-e133-a859-7e23-92ac898dcd32.jpg', '13313313311', 11, '福州市鼓楼区琴亭路58号', 1566, '鼓楼区', '福州'),
(71, 'http://vky-oss.inboyu.com/upload/39f40321-d28c-db13-3d48-6486eb2cc1de.jpg?x-oss-process=image/resize,w_240,h_180', '泊寓-学生街店', '长租一年优惠，独立卫浴，24小时安保服务', 'http://vky-oss.inboyu.com/upload/39ec0b96-b3fd-5f26-b309-77de6c051230.jpg，http://vky-oss.inboyu.com/upload/39f15be0-5486-762b-b5c5-3538804134f4.jpg，http://vky-oss.inboyu.com/upload/39f15be3-ca74-a4b3-eb7b-c62d2ebbca3a.jpg，http://vky-oss.inboyu.com/upload/39ec0b94-423b-880f-b2bd-4b8a00284aba.jpg，http://vky-oss.inboyu.com/upload/39ec0b94-93bf-8ef4-09f4-0d5952872f0f.jpg，http://vky-oss.inboyu.com/upload/39ec0b94-e133-a859-7e23-92ac898dcd32.jpg', '13313313311', 5, '福州市仓山区首山路60号', 1720, '仓山区', '福州'),
(72, 'http://vky-oss.inboyu.com/upload/39f24d54-713a-523e-3581-8604cc2d0639.jpg?x-oss-process=image/resize,w_240,h_180', '泊寓-奥体二店', '长租一年优惠，独立卫浴，24小时安保服务', 'http://vky-oss.inboyu.com/upload/39ec0b96-b3fd-5f26-b309-77de6c051230.jpg，http://vky-oss.inboyu.com/upload/39f15be0-5486-762b-b5c5-3538804134f4.jpg，http://vky-oss.inboyu.com/upload/39f15be3-ca74-a4b3-eb7b-c62d2ebbca3a.jpg，http://vky-oss.inboyu.com/upload/39ec0b94-423b-880f-b2bd-4b8a00284aba.jpg，http://vky-oss.inboyu.com/upload/39ec0b94-93bf-8ef4-09f4-0d5952872f0f.jpg，http://vky-oss.inboyu.com/upload/39ec0b94-e133-a859-7e23-92ac898dcd32.jpg', '13313313311', 8, '福州市仓山区福州市仓山区盖山镇东兴村民委员会', 778, '仓山区', '福州'),
(73, 'http://vky-oss.inboyu.com/upload/39f25dd7-0984-b024-e8a6-775510d328c4.jpg?x-oss-process=image/resize,w_240,h_180', '泊寓-橘园洲店', '长租一年优惠，独立卫浴，24小时安保服务', 'http://vky-oss.inboyu.com/upload/39ec0b96-b3fd-5f26-b309-77de6c051230.jpg，http://vky-oss.inboyu.com/upload/39f15be0-5486-762b-b5c5-3538804134f4.jpg，http://vky-oss.inboyu.com/upload/39f15be3-ca74-a4b3-eb7b-c62d2ebbca3a.jpg，http://vky-oss.inboyu.com/upload/39ec0b94-423b-880f-b2bd-4b8a00284aba.jpg，http://vky-oss.inboyu.com/upload/39ec0b94-93bf-8ef4-09f4-0d5952872f0f.jpg，http://vky-oss.inboyu.com/upload/39ec0b94-e133-a859-7e23-92ac898dcd32.jpg', '13313313311', 5, '福州市仓山区金山大道618号金山生活配套房A区14号楼', 1358, '仓山区', '福州'),
(74, 'http://vky-oss.inboyu.com/upload/39f24e32-8259-81f5-8952-6935661ceb53.jpg?x-oss-process=image/resize,w_240,h_180', '泊寓-万象店', '长租一年优惠，独立卫浴，24小时安保服务', 'http://vky-oss.inboyu.com/upload/39ec0b96-b3fd-5f26-b309-77de6c051230.jpg，http://vky-oss.inboyu.com/upload/39f15be0-5486-762b-b5c5-3538804134f4.jpg，http://vky-oss.inboyu.com/upload/39f15be3-ca74-a4b3-eb7b-c62d2ebbca3a.jpg，http://vky-oss.inboyu.com/upload/39ec0b94-423b-880f-b2bd-4b8a00284aba.jpg，http://vky-oss.inboyu.com/upload/39ec0b94-93bf-8ef4-09f4-0d5952872f0f.jpg，http://vky-oss.inboyu.com/upload/39ec0b94-e133-a859-7e23-92ac898dcd32.jpg', '13313313311', 8, '福州市台江区西二环路32号3-5号楼', 1153, '台江区', '福州'),
(75, 'http://vky-oss.inboyu.com/upload/39f28262-59f9-cbc7-c90e-17ba69b63a78.jpg?x-oss-process=image/resize,w_240,h_180', '泊寓-大利嘉店', '长租一年优惠，独立卫浴，24小时安保服务', 'http://vky-oss.inboyu.com/upload/39ec0b96-b3fd-5f26-b309-77de6c051230.jpg，http://vky-oss.inboyu.com/upload/39f15be0-5486-762b-b5c5-3538804134f4.jpg，http://vky-oss.inboyu.com/upload/39f15be3-ca74-a4b3-eb7b-c62d2ebbca3a.jpg，http://vky-oss.inboyu.com/upload/39ec0b94-423b-880f-b2bd-4b8a00284aba.jpg，http://vky-oss.inboyu.com/upload/39ec0b94-93bf-8ef4-09f4-0d5952872f0f.jpg，http://vky-oss.inboyu.com/upload/39ec0b94-e133-a859-7e23-92ac898dcd32.jpg', '13313313311', 8, '福州市台江区泊寓大利嘉店', 949, '台江区', '福州'),
(76, 'http://vky-oss.inboyu.com/upload/39f257c4-89f6-6618-28ed-d1e41c2ecbe9.jpg', '泊寓-时代之光店', '长租一年优惠，独立卫浴，24小时安保服务', 'http://vky-oss.inboyu.com/upload/39ec0b96-b3fd-5f26-b309-77de6c051230.jpg，http://vky-oss.inboyu.com/upload/39f15be0-5486-762b-b5c5-3538804134f4.jpg，http://vky-oss.inboyu.com/upload/39f15be3-ca74-a4b3-eb7b-c62d2ebbca3a.jpg，http://vky-oss.inboyu.com/upload/39ec0b94-423b-880f-b2bd-4b8a00284aba.jpg，http://vky-oss.inboyu.com/upload/39ec0b94-93bf-8ef4-09f4-0d5952872f0f.jpg，http://vky-oss.inboyu.com/upload/39ec0b94-e133-a859-7e23-92ac898dcd32.jpg', '13313313311', 9, '合肥市滨湖新区庐州大道与扬子江路交叉口滨湖会展中心站B出口对面', 1488, '滨湖新区', '合肥');
INSERT INTO `shopname` (`id`, `bg`, `shopname`, `detail`, `images`, `phone`, `count`, `address`, `price`, `area`, `city_name`) VALUES
(77, 'http://vky-oss.inboyu.com/upload/39f2679d-8ae6-7baa-a805-35715815b7ba.jpg?x-oss-process=image/resize,w_240,h_180', '泊寓-金域国际店', '长租一年优惠，独立卫浴，24小时安保服务', 'http://vky-oss.inboyu.com/upload/39ec0b96-b3fd-5f26-b309-77de6c051230.jpg，http://vky-oss.inboyu.com/upload/39f15be0-5486-762b-b5c5-3538804134f4.jpg，http://vky-oss.inboyu.com/upload/39f15be3-ca74-a4b3-eb7b-c62d2ebbca3a.jpg，http://vky-oss.inboyu.com/upload/39ec0b94-423b-880f-b2bd-4b8a00284aba.jpg，http://vky-oss.inboyu.com/upload/39ec0b94-93bf-8ef4-09f4-0d5952872f0f.jpg，http://vky-oss.inboyu.com/upload/39ec0b94-e133-a859-7e23-92ac898dcd32.jpg', '13313313311', 4, '合肥市蜀山区长江西路与合作化路交口金域国际裙楼7楼', 1550, '蜀山区', '合肥'),
(78, 'http://vky-oss.inboyu.com/upload/39f25daa-ece5-a366-5d04-79289d21702c.jpg?x-oss-process=image/resize,w_240,h_180', '泊寓-高新店', '长租一年优惠，独立卫浴，24小时安保服务', 'http://vky-oss.inboyu.com/upload/39ec0b96-b3fd-5f26-b309-77de6c051230.jpg，http://vky-oss.inboyu.com/upload/39f15be0-5486-762b-b5c5-3538804134f4.jpg，http://vky-oss.inboyu.com/upload/39f15be3-ca74-a4b3-eb7b-c62d2ebbca3a.jpg，http://vky-oss.inboyu.com/upload/39ec0b94-423b-880f-b2bd-4b8a00284aba.jpg，http://vky-oss.inboyu.com/upload/39ec0b94-93bf-8ef4-09f4-0d5952872f0f.jpg，http://vky-oss.inboyu.com/upload/39ec0b94-e133-a859-7e23-92ac898dcd32.jpg', '13313313311', 4, '合肥市高新区燕子河路与浮山路交口向西200米', 1600, '高新区', '合肥'),
(79, 'http://vky-oss.inboyu.com/upload/39f281fe-5530-c70e-1060-5326897e293c.jpg?x-oss-process=image/resize,w_240,h_180', '泊寓-大东门店', '长租一年优惠，独立卫浴，24小时安保服务', 'http://vky-oss.inboyu.com/upload/39ec0b96-b3fd-5f26-b309-77de6c051230.jpg，http://vky-oss.inboyu.com/upload/39f15be0-5486-762b-b5c5-3538804134f4.jpg，http://vky-oss.inboyu.com/upload/39f15be3-ca74-a4b3-eb7b-c62d2ebbca3a.jpg，http://vky-oss.inboyu.com/upload/39ec0b94-423b-880f-b2bd-4b8a00284aba.jpg，http://vky-oss.inboyu.com/upload/39ec0b94-93bf-8ef4-09f4-0d5952872f0f.jpg，http://vky-oss.inboyu.com/upload/39ec0b94-e133-a859-7e23-92ac898dcd32.jpg', '13313313311', 12, '合肥市包河区马鞍山路与长江东大街交叉口向东200米', 1199, '包河区', '合肥'),
(80, 'http://vky-oss.inboyu.com/upload/39e8a1b6-3535-29f8-7fc6-165058c4a4db.jpg?x-oss-process=image/resize,w_240,h_180', '泊寓-青龙潭店', '长租一年优惠，独立卫浴，24小时安保服务', 'http://vky-oss.inboyu.com/upload/39ec0b96-b3fd-5f26-b309-77de6c051230.jpg，http://vky-oss.inboyu.com/upload/39f15be0-5486-762b-b5c5-3538804134f4.jpg，http://vky-oss.inboyu.com/upload/39f15be3-ca74-a4b3-eb7b-c62d2ebbca3a.jpg，http://vky-oss.inboyu.com/upload/39ec0b94-423b-880f-b2bd-4b8a00284aba.jpg，http://vky-oss.inboyu.com/upload/39ec0b94-93bf-8ef4-09f4-0d5952872f0f.jpg，http://vky-oss.inboyu.com/upload/39ec0b94-e133-a859-7e23-92ac898dcd32.jpg', '13313313311', 3, '合肥市经济技术开发区青龙潭路联宝公寓9号楼\r\n', 1400, '经济技术开发区', '合肥'),
(81, 'http://vky-oss.inboyu.com/upload/39f277c0-ca8d-b356-a690-bf9bacd4478f.jpg?x-oss-process=image/resize,w_240,h_180', '泊寓-望平街店', '长租一年优惠，独立卫浴，24小时安保服务', 'http://vky-oss.inboyu.com/upload/39ec0b96-b3fd-5f26-b309-77de6c051230.jpg，http://vky-oss.inboyu.com/upload/39f15be0-5486-762b-b5c5-3538804134f4.jpg，http://vky-oss.inboyu.com/upload/39f15be3-ca74-a4b3-eb7b-c62d2ebbca3a.jpg，http://vky-oss.inboyu.com/upload/39ec0b94-423b-880f-b2bd-4b8a00284aba.jpg，http://vky-oss.inboyu.com/upload/39ec0b94-93bf-8ef4-09f4-0d5952872f0f.jpg，http://vky-oss.inboyu.com/upload/39ec0b94-e133-a859-7e23-92ac898dcd32.jpg', '13313313311', 6, '济南市市中区万科泊寓·望平街店', 1099, '市中区', '济南'),
(82, 'https://vky-oss.inboyu.com/upload/39dec4d4-273e-21f0-b90b-79e0404247b6.png?x-oss-process=image/resize,w_240,h_180', '泊寓-经二纬七店', '长租一年优惠，独立卫浴，24小时安保服务', 'http://vky-oss.inboyu.com/upload/39ec0b96-b3fd-5f26-b309-77de6c051230.jpg，http://vky-oss.inboyu.com/upload/39f15be0-5486-762b-b5c5-3538804134f4.jpg，http://vky-oss.inboyu.com/upload/39f15be3-ca74-a4b3-eb7b-c62d2ebbca3a.jpg，http://vky-oss.inboyu.com/upload/39ec0b94-423b-880f-b2bd-4b8a00284aba.jpg，http://vky-oss.inboyu.com/upload/39ec0b94-93bf-8ef4-09f4-0d5952872f0f.jpg，http://vky-oss.inboyu.com/upload/39ec0b94-e133-a859-7e23-92ac898dcd32.jpg', '13313313311', 5, '济南市槐荫区经二路365号', 1063, '槐荫区', '济南'),
(83, 'http://vky-oss.inboyu.com/upload/39f2b59f-d538-7048-03f2-81164be0795f.jpg?x-oss-process=image/resize,w_240,h_180', '泊寓-文创基地店', '长租一年优惠，独立卫浴，24小时安保服务', 'http://vky-oss.inboyu.com/upload/39ec0b96-b3fd-5f26-b309-77de6c051230.jpg，http://vky-oss.inboyu.com/upload/39f15be0-5486-762b-b5c5-3538804134f4.jpg，http://vky-oss.inboyu.com/upload/39f15be3-ca74-a4b3-eb7b-c62d2ebbca3a.jpg，http://vky-oss.inboyu.com/upload/39ec0b94-423b-880f-b2bd-4b8a00284aba.jpg，http://vky-oss.inboyu.com/upload/39ec0b94-93bf-8ef4-09f4-0d5952872f0f.jpg，http://vky-oss.inboyu.com/upload/39ec0b94-e133-a859-7e23-92ac898dcd32.jpg', '13313313311', 4, '济南市高新区舜风路101号齐鲁文化创意产业基地3号楼', 869, '高新区', '济南'),
(84, 'http://vky-oss.inboyu.com/upload/39f277fe-fc46-ae50-4ed3-4d3821e34f6f.jpg?x-oss-process=image/resize,w_240,h_180', '泊寓-软件园店', '长租一年优惠，独立卫浴，24小时安保服务', 'http://vky-oss.inboyu.com/upload/39ec0b96-b3fd-5f26-b309-77de6c051230.jpg，http://vky-oss.inboyu.com/upload/39f15be0-5486-762b-b5c5-3538804134f4.jpg，http://vky-oss.inboyu.com/upload/39f15be3-ca74-a4b3-eb7b-c62d2ebbca3a.jpg，http://vky-oss.inboyu.com/upload/39ec0b94-423b-880f-b2bd-4b8a00284aba.jpg，http://vky-oss.inboyu.com/upload/39ec0b94-93bf-8ef4-09f4-0d5952872f0f.jpg，http://vky-oss.inboyu.com/upload/39ec0b94-e133-a859-7e23-92ac898dcd32.jpg', '13313313311', 5, '济南市高新区舜华东路600号 万科泊寓软件园店', 1325, '高新区', '济南'),
(85, 'http://vky-oss.inboyu.com/upload/39f25804-465b-7066-9d8a-91ab72cdbce3.jpg?x-oss-process=image/resize,w_240,h_180', '泊寓-生产路店', '长租一年优惠，独立卫浴，24小时安保服务', 'http://vky-oss.inboyu.com/upload/39ec0b96-b3fd-5f26-b309-77de6c051230.jpg，http://vky-oss.inboyu.com/upload/39f15be0-5486-762b-b5c5-3538804134f4.jpg，http://vky-oss.inboyu.com/upload/39f15be3-ca74-a4b3-eb7b-c62d2ebbca3a.jpg，http://vky-oss.inboyu.com/upload/39ec0b94-423b-880f-b2bd-4b8a00284aba.jpg，http://vky-oss.inboyu.com/upload/39ec0b94-93bf-8ef4-09f4-0d5952872f0f.jpg，http://vky-oss.inboyu.com/upload/39ec0b94-e133-a859-7e23-92ac898dcd32.jpg', '13313313311', 7, '济南市天桥区北园大街生产路1号（泊寓生产路店）', 1089, '天桥区', '济南'),
(86, 'http://vky-oss.inboyu.com/upload/39f258cc-a0a1-ecd3-4fe9-a33ba78db565.jpg?x-oss-process=image/resize,w_240,h_180', '泊寓-林业大厦店', '长租一年优惠，独立卫浴，24小时安保服务', 'http://vky-oss.inboyu.com/upload/39ec0b96-b3fd-5f26-b309-77de6c051230.jpg，http://vky-oss.inboyu.com/upload/39f15be0-5486-762b-b5c5-3538804134f4.jpg，http://vky-oss.inboyu.com/upload/39f15be3-ca74-a4b3-eb7b-c62d2ebbca3a.jpg，http://vky-oss.inboyu.com/upload/39ec0b94-423b-880f-b2bd-4b8a00284aba.jpg，http://vky-oss.inboyu.com/upload/39ec0b94-93bf-8ef4-09f4-0d5952872f0f.jpg，http://vky-oss.inboyu.com/upload/39ec0b94-e133-a859-7e23-92ac898dcd32.jpg', '13313313311', 8, '济南市历下区林业大厦', 1251, '历下区', '济南'),
(87, 'http://vky-oss.inboyu.com/upload/39f257b3-216d-a040-5981-4940e8644a49.jpg?x-oss-process=image/resize,w_240,h_180', '泊寓-凤凰山路店', '长租一年优惠，独立卫浴，24小时安保服务', 'http://vky-oss.inboyu.com/upload/39ec0b96-b3fd-5f26-b309-77de6c051230.jpg，http://vky-oss.inboyu.com/upload/39f15be0-5486-762b-b5c5-3538804134f4.jpg，http://vky-oss.inboyu.com/upload/39f15be3-ca74-a4b3-eb7b-c62d2ebbca3a.jpg，http://vky-oss.inboyu.com/upload/39ec0b94-423b-880f-b2bd-4b8a00284aba.jpg，http://vky-oss.inboyu.com/upload/39ec0b94-93bf-8ef4-09f4-0d5952872f0f.jpg，http://vky-oss.inboyu.com/upload/39ec0b94-e133-a859-7e23-92ac898dcd32.jpg', '13313313311', 8, '山东省济南市天桥区北园大街607-8号', 900, '天桥区', '济南'),
(88, 'http://vky-oss.inboyu.com/upload/39f2578b-dc50-a087-2fe4-4a4b66cac428.jpg?x-oss-process=image/resize,w_240,h_180', '泊寓-舜风路店', '长租一年优惠，独立卫浴，24小时安保服务', 'http://vky-oss.inboyu.com/upload/39ec0b96-b3fd-5f26-b309-77de6c051230.jpg，http://vky-oss.inboyu.com/upload/39f15be0-5486-762b-b5c5-3538804134f4.jpg，http://vky-oss.inboyu.com/upload/39f15be3-ca74-a4b3-eb7b-c62d2ebbca3a.jpg，http://vky-oss.inboyu.com/upload/39ec0b94-423b-880f-b2bd-4b8a00284aba.jpg，http://vky-oss.inboyu.com/upload/39ec0b94-93bf-8ef4-09f4-0d5952872f0f.jpg，http://vky-oss.inboyu.com/upload/39ec0b94-e133-a859-7e23-92ac898dcd32.jpg', '13313313311', 5, '济南市历下区舜风路齐鲁文化创意基地16号楼（万科麓城对面）', 1455, '历下区', '济南'),
(89, 'http://vky-oss.inboyu.com/upload/39f25e24-d8e8-4cba-ec49-fc5ff2365251.jpg?x-oss-process=image/resize,w_240,h_180', '泊寓-机车厂店', '长租一年优惠，独立卫浴，24小时安保服务', 'http://vky-oss.inboyu.com/upload/39ec0b96-b3fd-5f26-b309-77de6c051230.jpg，http://vky-oss.inboyu.com/upload/39f15be0-5486-762b-b5c5-3538804134f4.jpg，http://vky-oss.inboyu.com/upload/39f15be3-ca74-a4b3-eb7b-c62d2ebbca3a.jpg，http://vky-oss.inboyu.com/upload/39ec0b94-423b-880f-b2bd-4b8a00284aba.jpg，http://vky-oss.inboyu.com/upload/39ec0b94-93bf-8ef4-09f4-0d5952872f0f.jpg，http://vky-oss.inboyu.com/upload/39ec0b94-e133-a859-7e23-92ac898dcd32.jpg', '13313313311', 6, '山东省济南市槐荫区槐村街73号（和谐广场商圈）', 1196, '槐荫区', '济南'),
(90, 'http://vky-oss.inboyu.com/upload/39f2738f-114f-cf6b-b13e-18a4cc11c14e.jpg?x-oss-process=image/resize,w_240,h_180', '泊寓-西城社区店', '长租一年优惠，独立卫浴，24小时安保服务', 'http://vky-oss.inboyu.com/upload/39ec0b96-b3fd-5f26-b309-77de6c051230.jpg，http://vky-oss.inboyu.com/upload/39f15be0-5486-762b-b5c5-3538804134f4.jpg，http://vky-oss.inboyu.com/upload/39f15be3-ca74-a4b3-eb7b-c62d2ebbca3a.jpg，http://vky-oss.inboyu.com/upload/39ec0b94-423b-880f-b2bd-4b8a00284aba.jpg，http://vky-oss.inboyu.com/upload/39ec0b94-93bf-8ef4-09f4-0d5952872f0f.jpg，http://vky-oss.inboyu.com/upload/39ec0b94-e133-a859-7e23-92ac898dcd32.jpg', '13313313311', 6, '济南市槐荫区泰安路辅路/清源路(路口)', 720, '槐荫区', '济南'),
(91, 'http://vky-oss.inboyu.com/upload/39f27c90-a549-75e9-5251-09ee52fdea58.jpg?x-oss-process=image/resize,w_240,h_180', '泊寓-安亭一期店', '长租一年优惠，独立卫浴，24小时安保服务', 'http://vky-oss.inboyu.com/upload/39ec0b96-b3fd-5f26-b309-77de6c051230.jpg，http://vky-oss.inboyu.com/upload/39f15be0-5486-762b-b5c5-3538804134f4.jpg，http://vky-oss.inboyu.com/upload/39f15be3-ca74-a4b3-eb7b-c62d2ebbca3a.jpg，http://vky-oss.inboyu.com/upload/39ec0b94-423b-880f-b2bd-4b8a00284aba.jpg，http://vky-oss.inboyu.com/upload/39ec0b94-93bf-8ef4-09f4-0d5952872f0f.jpg，http://vky-oss.inboyu.com/upload/39ec0b94-e133-a859-7e23-92ac898dcd32.jpg', '13313313311', 4, '上海市嘉定区安智路195号', 1250, '嘉定区', '上海'),
(92, 'http://vky-oss.inboyu.com/upload/39f2817b-cc49-d395-1e05-5a91e11b8a5f.jpg?x-oss-process=image/resize,w_240,h_180', '泊寓-张江国创店', '长租一年优惠，独立卫浴，24小时安保服务', 'http://vky-oss.inboyu.com/upload/39ec0b96-b3fd-5f26-b309-77de6c051230.jpg，http://vky-oss.inboyu.com/upload/39f15be0-5486-762b-b5c5-3538804134f4.jpg，http://vky-oss.inboyu.com/upload/39f15be3-ca74-a4b3-eb7b-c62d2ebbca3a.jpg，http://vky-oss.inboyu.com/upload/39ec0b94-423b-880f-b2bd-4b8a00284aba.jpg，http://vky-oss.inboyu.com/upload/39ec0b94-93bf-8ef4-09f4-0d5952872f0f.jpg，http://vky-oss.inboyu.com/upload/39ec0b94-e133-a859-7e23-92ac898dcd32.jpg', '13313313311', 4, '上海市浦东新区丹桂路899号', 3200, '浦东区', '上海'),
(93, 'http://vky-oss.inboyu.com/upload/39f27cf9-e518-2def-fa46-b82015013f8a.jpg?x-oss-process=image/resize,w_240,h_180', '泊寓-安亭二期店', '长租一年优惠，独立卫浴，24小时安保服务', 'http://vky-oss.inboyu.com/upload/39ec0b96-b3fd-5f26-b309-77de6c051230.jpg，http://vky-oss.inboyu.com/upload/39f15be0-5486-762b-b5c5-3538804134f4.jpg，http://vky-oss.inboyu.com/upload/39f15be3-ca74-a4b3-eb7b-c62d2ebbca3a.jpg，http://vky-oss.inboyu.com/upload/39ec0b94-423b-880f-b2bd-4b8a00284aba.jpg，http://vky-oss.inboyu.com/upload/39ec0b94-93bf-8ef4-09f4-0d5952872f0f.jpg，http://vky-oss.inboyu.com/upload/39ec0b94-e133-a859-7e23-92ac898dcd32.jpg', '13313313311', 7, '上海嘉定区安亭新镇安诚路278号', 1550, '嘉定区', '上海'),
(94, 'http://vky-oss.inboyu.com/upload/39f281ea-e107-9c9a-5483-0447bca4ab04.png?x-oss-process=image/resize,w_240,h_180', '泊寓-翡翠公园一期店', '长租一年优惠，独立卫浴，24小时安保服务', 'http://vky-oss.inboyu.com/upload/39ec0b96-b3fd-5f26-b309-77de6c051230.jpg，http://vky-oss.inboyu.com/upload/39f15be0-5486-762b-b5c5-3538804134f4.jpg，http://vky-oss.inboyu.com/upload/39f15be3-ca74-a4b3-eb7b-c62d2ebbca3a.jpg，http://vky-oss.inboyu.com/upload/39ec0b94-423b-880f-b2bd-4b8a00284aba.jpg，http://vky-oss.inboyu.com/upload/39ec0b94-93bf-8ef4-09f4-0d5952872f0f.jpg，http://vky-oss.inboyu.com/upload/39ec0b94-e133-a859-7e23-92ac898dcd32.jpg', '13313313311', 3, '上海市浦东新区百业路167弄31号，百业路荣科路路口', 3, '浦东区', '上海'),
(95, 'http://vky-oss.inboyu.com/upload/39f287d4-1630-b056-a065-a22189d06320.jpg?x-oss-process=image/resize,w_240,h_180', '泊寓-虹桥南华园一期店', '长租一年优惠，独立卫浴，24小时安保服务', 'http://vky-oss.inboyu.com/upload/39ec0b96-b3fd-5f26-b309-77de6c051230.jpg，http://vky-oss.inboyu.com/upload/39f15be0-5486-762b-b5c5-3538804134f4.jpg，http://vky-oss.inboyu.com/upload/39f15be3-ca74-a4b3-eb7b-c62d2ebbca3a.jpg，http://vky-oss.inboyu.com/upload/39ec0b94-423b-880f-b2bd-4b8a00284aba.jpg，http://vky-oss.inboyu.com/upload/39ec0b94-93bf-8ef4-09f4-0d5952872f0f.jpg，http://vky-oss.inboyu.com/upload/39ec0b94-e133-a859-7e23-92ac898dcd32.jpg', '13313313311', 4, '上海市闵行区南华街25号', 3000, '闵行区', '上海'),
(96, 'http://vky-oss.inboyu.com/upload/39f8857b-1a1a-e847-b00a-4ece5b5b36e1.png?x-oss-process=image/resize,w_240,h_180', '泊寓-虹桥南华园二期店', '长租一年优惠，独立卫浴，24小时安保服务', 'http://vky-oss.inboyu.com/upload/39ec0b96-b3fd-5f26-b309-77de6c051230.jpg，http://vky-oss.inboyu.com/upload/39f15be0-5486-762b-b5c5-3538804134f4.jpg，http://vky-oss.inboyu.com/upload/39f15be3-ca74-a4b3-eb7b-c62d2ebbca3a.jpg，http://vky-oss.inboyu.com/upload/39ec0b94-423b-880f-b2bd-4b8a00284aba.jpg，http://vky-oss.inboyu.com/upload/39ec0b94-93bf-8ef4-09f4-0d5952872f0f.jpg，http://vky-oss.inboyu.com/upload/39ec0b94-e133-a859-7e23-92ac898dcd32.jpg', '13313313311', 4, '上海市南华街25号', 1900, '闵行区', '上海'),
(97, 'http://vky-oss.inboyu.com/upload/39e614aa-260f-e272-26ab-47b7f8c71968.jpg?x-oss-process=image/resize,w_240,h_180', '泊寓-上海西站店', '长租一年优惠，独立卫浴，24小时安保服务', 'http://vky-oss.inboyu.com/upload/39ec0b96-b3fd-5f26-b309-77de6c051230.jpg，http://vky-oss.inboyu.com/upload/39f15be0-5486-762b-b5c5-3538804134f4.jpg，http://vky-oss.inboyu.com/upload/39f15be3-ca74-a4b3-eb7b-c62d2ebbca3a.jpg，http://vky-oss.inboyu.com/upload/39ec0b94-423b-880f-b2bd-4b8a00284aba.jpg，http://vky-oss.inboyu.com/upload/39ec0b94-93bf-8ef4-09f4-0d5952872f0f.jpg，http://vky-oss.inboyu.com/upload/39ec0b94-e133-a859-7e23-92ac898dcd32.jpg', '13313313311', 5, '上海市普陀区桃浦路226号', 2800, '普陀区', '上海'),
(98, 'http://vky-oss.inboyu.com/upload/39f287bd-efc3-6096-4e9a-f3d9f09d8723.jpg?x-oss-process=image/resize,w_240,h_180', '泊寓-莘庄疏影店', '长租一年优惠，独立卫浴，24小时安保服务', 'http://vky-oss.inboyu.com/upload/39ec0b96-b3fd-5f26-b309-77de6c051230.jpg，http://vky-oss.inboyu.com/upload/39f15be0-5486-762b-b5c5-3538804134f4.jpg，http://vky-oss.inboyu.com/upload/39f15be3-ca74-a4b3-eb7b-c62d2ebbca3a.jpg，http://vky-oss.inboyu.com/upload/39ec0b94-423b-880f-b2bd-4b8a00284aba.jpg，http://vky-oss.inboyu.com/upload/39ec0b94-93bf-8ef4-09f4-0d5952872f0f.jpg，http://vky-oss.inboyu.com/upload/39ec0b94-e133-a859-7e23-92ac898dcd32.jpg', '13313313311', 2, '上海市闵行区疏影路1366号', 2000, '闵行区', '上海'),
(99, 'http://vky-oss.inboyu.com/upload/39f2bfc8-dc7c-0526-17c9-5b383503574b.jpg?x-oss-process=image/resize,w_240,h_180', '泊寓-虹桥国展店', '长租一年优惠，独立卫浴，24小时安保服务', 'http://vky-oss.inboyu.com/upload/39ec0b96-b3fd-5f26-b309-77de6c051230.jpg，http://vky-oss.inboyu.com/upload/39f15be0-5486-762b-b5c5-3538804134f4.jpg，http://vky-oss.inboyu.com/upload/39f15be3-ca74-a4b3-eb7b-c62d2ebbca3a.jpg，http://vky-oss.inboyu.com/upload/39ec0b94-423b-880f-b2bd-4b8a00284aba.jpg，http://vky-oss.inboyu.com/upload/39ec0b94-93bf-8ef4-09f4-0d5952872f0f.jpg，http://vky-oss.inboyu.com/upload/39ec0b94-e133-a859-7e23-92ac898dcd32.jpg', '13313313311', 7, '上海市闵行区繁兴路99号', 2190, '闵行区', '上海'),
(100, 'http://vky-oss.inboyu.com/upload/39f249ef-c2e7-d996-e297-4478b1742c91.jpg?x-oss-process=image/resize,w_240,h_180', '虹寓丨泊寓-虹口江湾店', '长租一年优惠，独立卫浴，24小时安保服务', 'http://vky-oss.inboyu.com/upload/39ec0b96-b3fd-5f26-b309-77de6c051230.jpg，http://vky-oss.inboyu.com/upload/39f15be0-5486-762b-b5c5-3538804134f4.jpg，http://vky-oss.inboyu.com/upload/39f15be3-ca74-a4b3-eb7b-c62d2ebbca3a.jpg，http://vky-oss.inboyu.com/upload/39ec0b94-423b-880f-b2bd-4b8a00284aba.jpg，http://vky-oss.inboyu.com/upload/39ec0b94-93bf-8ef4-09f4-0d5952872f0f.jpg，http://vky-oss.inboyu.com/upload/39ec0b94-e133-a859-7e23-92ac898dcd32.jpg', '13313313311', 4, '上海市虹口区新市北路-道路1400号', 3780, '虹口区', '上海'),
(101, 'http://vky-oss.inboyu.com/upload/39f388bf-e6a9-37bc-09fb-71a2375c4080.jpg', '武汉后湖2035一期店', '长租一年优惠，独立卫浴，24小时安保服务', 'http://vky-oss.inboyu.com/upload/39ec0b96-b3fd-5f26-b309-77de6c051230.jpg，http://vky-oss.inboyu.com/upload/39f15be0-5486-762b-b5c5-3538804134f4.jpg，http://vky-oss.inboyu.com/upload/39f15be3-ca74-a4b3-eb7b-c62d2ebbca3a.jpg，http://vky-oss.inboyu.com/upload/39ec0b94-423b-880f-b2bd-4b8a00284aba.jpg，http://vky-oss.inboyu.com/upload/39ec0b94-93bf-8ef4-09f4-0d5952872f0f.jpg，http://vky-oss.inboyu.com/upload/39ec0b94-e133-a859-7e23-92ac898dcd32.jpg', '13313313311', 0, '武汉市江岸区汉黄路8号金凰产业园5号楼', 946, '', '武汉');

-- --------------------------------------------------------

--
-- 表的结构 `story`
--

CREATE TABLE `story` (
  `id` int(11) NOT NULL,
  `title` varchar(50) DEFAULT NULL,
  `title_img` varchar(100) DEFAULT NULL,
  `city_name` varchar(10) DEFAULT NULL
) ENGINE=InnoDB DEFAULT CHARSET=utf8mb4;

--
-- 转存表中的数据 `story`
--

INSERT INTO `story` (`id`, `title`, `title_img`, `city_name`) VALUES
(1, '硬核示爱，北京城里最最适合表白的泊寓是', 'http://vky-oss.inboyu.com/upload/39f50abe-3811-083f-0fa4-6221c498f13a.jpg', '北京'),
(2, '那些在北京挣扎的朋友，为什么还不回家？', 'http://vky-oss.inboyu.com/upload/39e9f17f-7dcc-a90b-2b99-503811818e4f.jpg', '北京'),
(3, '有了自己的空间，才能把生活过好。', 'http://vky-oss.inboyu.com/upload/39e9f182-c829-f4b4-c1ed-451d2bacc28e.jpg', '北京'),
(4, '这些年来，有没有人能让你不寂寞', 'http://vky-oss.inboyu.com/upload/39e9f183-ddc5-a2e7-b694-8765635e8fc6.jpg', '北京'),
(5, '我在泊寓的生活，一切都挺好【重庆篇】', 'http://vky-oss.inboyu.com/upload/39ecefcc-0f88-c38e-e5b0-86a0f3731f38.jpg', '南京'),
(6, '为了一个人，留在一座城', 'http://vky-oss.inboyu.com/upload/39e9f17b-e3cb-0b0b-27a3-de7e33b6c5a7.jpg', '南京'),
(7, '当漂泊，遇见温暖', 'http://vky-oss.inboyu.com/upload/39e9f17c-6e84-77f6-b350-75adb67b2b4f.jpg', '南京'),
(8, '暖心抗“疫”丨那些为抗击疫情付出的可爱泊友', 'http://vky-oss.inboyu.com/upload/39f3f887-ceb1-4fbf-6e7f-923a4c001413.png', '南京'),
(9, '我在泊寓的生活，一切都挺好【重庆篇】', 'http://vky-oss.inboyu.com/upload/39ecefcc-0f88-c38e-e5b0-86a0f3731f38.jpg', '成都'),
(10, '暖心抗疫丨那些为抗击疫情付出的可爱泊友们', 'http://vky-oss.inboyu.com/upload/39f3f887-ceb1-4fbf-6e7f-923a4c001413.png', '成都'),
(11, '我在泊寓的生活，一切都挺好【重庆篇】', 'http://vky-oss.inboyu.com/upload/39ecefcc-0f88-c38e-e5b0-86a0f3731f38.jpg', '长春'),
(12, '暖心抗疫丨那些为抗击疫情付出的可爱泊友们', 'http://vky-oss.inboyu.com/upload/39f3f887-ceb1-4fbf-6e7f-923a4c001413.png', '长春'),
(13, '我在泊寓的生活，一切都挺好【重庆篇】', 'http://vky-oss.inboyu.com/upload/39ecefcc-0f88-c38e-e5b0-86a0f3731f38.jpg', '长沙'),
(14, '暖心抗疫丨那些为抗击疫情付出的可爱泊友们', 'http://vky-oss.inboyu.com/upload/39f3f887-ceb1-4fbf-6e7f-923a4c001413.png', '长沙'),
(15, '永远年轻，永远热泪盈眶', 'http://vky-oss.inboyu.com/upload/39e9ef6d-1399-3ca5-fdfc-8c5e131d4af1.jpg', '长沙'),
(16, '富小西，法国归来的旅行家', 'http://vky-oss.inboyu.com/upload/39e9ef6d-aa73-b16a-891a-308a2ea697e1.jp', '长沙'),
(17, '我在泊寓的生活，一切都挺好【重庆篇】', 'http://vky-oss.inboyu.com/upload/39ecefcc-0f88-c38e-e5b0-86a0f3731f38.jpg', '苏州'),
(18, '有点东西 | 从北走到南，她想把生活经由镜头储存到心里', 'http://vky-oss.inboyu.com/upload/39f62591-0b2f-f778-13e7-3350a1de432e.png', '苏州'),
(19, '暖心抗疫丨那些为抗击疫情付出的可爱泊友们', 'http://vky-oss.inboyu.com/upload/39f3f887-ceb1-4fbf-6e7f-923a4c001413.png', '苏州'),
(20, '泊寓青年说 | #我和小泊的那些事儿# 活动圆满收官啦~', 'http://vky-oss.inboyu.com/upload/39f258b3-03e6-c9b7-c3f2-9ada8b3427ab.jpg', '苏州'),
(21, '阿里新青年的泊寓生活', 'http://vky-oss.inboyu.com/upload/39e9f426-8dcd-5b54-e097-e4bb3571854c.jpg', '杭州'),
(22, '末班不孤单，走进杭州地铁夜归人', 'http://vky-oss.inboyu.com/upload/39e9f428-0edd-b3b7-bb05-4fd17b7617c4.jpg', '杭州'),
(23, '收了那条单身狗，它影响GDP了！', 'http://vky-oss.inboyu.com/upload/39e9f427-2a49-2513-7555-c6b402072dcd.jpg', '杭州'),
(24, '我在泊寓的生活，一切都挺好【重庆篇】', 'http://vky-oss.inboyu.com/upload/39ecefcc-0f88-c38e-e5b0-86a0f3731f38.jpg', '杭州'),
(25, '我在泊寓的生活，一切都挺好【重庆篇】', 'http://vky-oss.inboyu.com/upload/39ecefcc-0f88-c38e-e5b0-86a0f3731f38.jpg', '广州'),
(26, '我的安居梦，城市新“围屋”', 'http://vky-oss.inboyu.com/upload/39e9ea5f-053b-bd5c-e1d7-4911464f5b11.jpg', '广州'),
(27, '暖心抗疫丨那些为抗击疫情付出的可爱泊友们', 'http://vky-oss.inboyu.com/upload/39f3f887-ceb1-4fbf-6e7f-923a4c001413.png', '广州'),
(28, '我在泊寓的生活，一切都挺好【重庆篇】', 'http://vky-oss.inboyu.com/upload/39ecefcc-0f88-c38e-e5b0-86a0f3731f38.jpg', '大连'),
(29, '暖心抗疫丨那些为抗击疫情付出的可爱泊友们', 'http://vky-oss.inboyu.com/upload/39f3f887-ceb1-4fbf-6e7f-923a4c001413.png', '大连'),
(30, '我在泊寓的生活，一切都挺好【重庆篇】', 'http://vky-oss.inboyu.com/upload/39ecefcc-0f88-c38e-e5b0-86a0f3731f38.jpg', '福州'),
(31, '我并不是想要逃离家乡', 'http://vky-oss.inboyu.com/upload/39e9ef6a-dfcf-14cd-9dde-f032e15e729d.jpg', '福州'),
(32, '生活再忙碌，也要为自己制造一点小确幸', 'http://vky-oss.inboyu.com/upload/39e9ef6b-76ac-be8c-ec05-d75bcc0a12c1.jpg', '福州'),
(33, '暖心抗疫丨那些为抗击疫情付出的可爱泊友们', 'http://vky-oss.inboyu.com/upload/39f3f887-ceb1-4fbf-6e7f-923a4c001413.png', '福州'),
(34, '可乐—治愈心灵的氧气美少女', 'http://vky-oss.inboyu.com/upload/39e9f17a-2bd5-6ecf-34ef-bc6bc01511ac.jpg', '合肥'),
(35, '我在泊寓的生活，一切都挺好【重庆篇】', 'http://vky-oss.inboyu.com/upload/39ecefcc-0f88-c38e-e5b0-86a0f3731f38.jpg', '合肥'),
(36, '小喜悦感—追梦的路上不再疲惫', 'http://vky-oss.inboyu.com/upload/39e9f17a-8a5a-4d48-04cc-a42260c84585.jpg', '合肥'),
(37, '胖哥.步履不停，不忘初心', 'http://vky-oss.inboyu.com/upload/39e9f179-6264-8c26-aa47-07afa6e4fc05.jpg', '合肥'),
(38, '泊寓代言人生活实录 | 赵祎腾：“我只是想证明，I can”', 'http://vky-oss.inboyu.com/upload/39e9eafa-e3bd-37a4-e760-d806ff9fdd92.jpg', '济南'),
(39, '泊寓代言人系列七夕特辑 | 有情人恩爱记录：我们用爱，为泊寓代言', 'http://vky-oss.inboyu.com/upload/39e9eafa-68e7-5963-d0a9-f7b6a5e54d03.jpg', '济南'),
(40, '泊寓代言人系列生活实录 | 朱迪：“每一张照片，都是一篇人生小说”', 'http://vky-oss.inboyu.com/upload/39e9eaf9-b1e5-4e81-603b-dd58761cb007.jpg', '济南'),
(41, '我在泊寓的生活，一切都挺好【重庆篇】', 'http://vky-oss.inboyu.com/upload/39ecefcc-0f88-c38e-e5b0-86a0f3731f38.jpg', '济南'),
(42, '过来人告诉你，夏天就该 这样玩!', 'http://vky-oss.inboyu.com/upload/39e9f61d-5158-06d4-3ea7-475781af8b8e.jpg', '上海'),
(43, '泊寓·关于中秋节，泊寓 给你最好的庆祝方式', 'http://vky-oss.inboyu.com/upload/39e9f629-68ed-f23a-b9bd-db3ddab43780.jpg', '上海'),
(44, '电影主角招募，这次C位是你!', 'http://vky-oss.inboyu.com/upload/39e9f62e-9164-ae7b-e014-fe7c7468a7ad.jpg', '上海'),
(45, '“七店联动·暖心圣诞”快闪回顾', 'http://vky-oss.inboyu.com/upload/39e9f614-968b-4f64-7819-08fccbe8cca8.jpg', '上海'),
(46, '“生活企图掩埋我，但它忘了我是颗种子”', 'http://vky-oss.inboyu.com/upload/39e9f180-a855-ca8f-0957-fb7263f9297d.jpg', '北京'),
(47, '大家好，介绍一下，这是9月泊寓红人@高福星|Pa客红人', 'http://vky-oss.inboyu.com/upload/39e9f184-7609-4a1a-13d6-92d397222ca4.jpg', '北京'),
(48, '爆款网红房型 | LOFT小豪宅、双地铁、精彩不止一层就在泊寓劲松店', 'http://vky-oss.inboyu.com/upload/39f50ac0-5231-7070-e763-f48a6d0ac188.jpg', '北京'),
(49, '暖心抗疫丨那些为抗击疫情付出的可爱泊友们', 'http://vky-oss.inboyu.com/upload/39f3f887-ceb1-4fbf-6e7f-923a4c001413.png', '北京'),
(50, '“我在北京挺好的，真的，不信你来看”', 'http://vky-oss.inboyu.com/upload/39e9f181-71c6-0f65-a4d6-92158f7f035a.jpg', '北京'),
(51, '为什么？会有越来越多的年轻人觉得自己孤独！', 'http://vky-oss.inboyu.com/upload/39e9f183-4ae3-94b3-be8e-99905b18c549.jpg', '北京'),
(52, '“眼前的生活，掩盖不了心底的梦想”', 'http://vky-oss.inboyu.com/upload/39e9f180-fe80-b615-4da4-e4f99d36d584.jpg', '北京');

--
-- Indexes for dumped tables
--

--
-- Indexes for table `boyu_dd`
--
ALTER TABLE `boyu_dd`
  ADD PRIMARY KEY (`id`);

--
-- Indexes for table `layout`
--
ALTER TABLE `layout`
  ADD PRIMARY KEY (`lid`);

--
-- Indexes for table `shopname`
--
ALTER TABLE `shopname`
  ADD PRIMARY KEY (`id`);

--
-- Indexes for table `story`
--
ALTER TABLE `story`
  ADD PRIMARY KEY (`id`);

/*!40101 SET CHARACTER_SET_CLIENT=@OLD_CHARACTER_SET_CLIENT */;
/*!40101 SET CHARACTER_SET_RESULTS=@OLD_CHARACTER_SET_RESULTS */;
/*!40101 SET COLLATION_CONNECTION=@OLD_COLLATION_CONNECTION */;
